Name,Year,Age,AgeDif,Tm,Lg,Lev,Aff,G,PA,AB,R,H,2B,3B,HR,RBI,SB,CS,BB,SO,BA,OBP,SLG,OPS,TB,GDP,HBP,SH,SF,IBB,,,,,,
Anthony Rendon,2011,21,0.3,Rice,CUSA,NCAA,,63,302,214,58,70,20,2,6,37,13,5,80,33,0.327,0.52,0.523,1.043,112,,7,0,1,,,,,,,
George Springer,2011,21,0.4,Connecticut,BigE,NCAA,,66,307,245,61,84,23,3,12,77,31,7,36,40,0.343,0.45,0.608,1.058,149,,18,0,8,,,,,,,
C.J. Cron,2011,21,0.4,Utah,MWC,NCAA,,49,238,198,51,86,26,1,15,59,1,1,31,21,0.434,0.517,0.803,1.32,159,,6,0,3,,,,,,,
Joe Panik,2011,20,-0.6,St. John's,BigE,NCAA,,58,281,226,60,90,19,3,10,57,21,6,44,24,0.398,0.509,0.642,1.15,145,,9,0,2,,,,,,,
Mikie Mahtook,2011,21,0.4,Louisiana State,SEC,NCAA,,56,244,196,61,75,12,5,14,56,29,9,41,32,0.383,0.496,0.709,1.205,139,,5,0,2,,,,,,,
Brad Miller,2011,21,0.6,Clemson,ACC,NCAA,,56,243,195,53,77,11,3,5,50,21,5,40,34,0.395,0.498,0.559,1.057,109,,3,2,3,,,,,,,
Jason Esposito,2011,20,-0.6,Vanderbilt,SEC,NCAA,,66,303,268,55,91,22,1,9,59,15,10,17,45,0.34,0.403,0.53,0.933,142,,13,3,2,,,,,,,
Nick Ahmed,2011,21,0.4,Connecticut,BigE,NCAA,,51,236,190,52,62,11,2,2,35,23,6,27,18,0.326,0.425,0.437,0.862,83,,8,8,3,,,,,,,
Andrew Susac,2011,21,0.6,Oregon State,P10,NCAA,,40,178,141,31,42,9,4,5,32,0,1,28,36,0.298,0.429,0.525,0.954,74,,6,1,2,,,,,,,
Jack Armstrong,2011,21,,Vanderbilt,SEC,NCAA,,,,,2.65,3.18,,0,,,0,,17,6,6,5,,18,,17,,,,,1.412,3.2,,9.5,9,0.94
Pratt Maynard,2011,21,0.6,NC State,ACC,NCAA,,62,292,251,46,81,21,1,5,41,1,0,38,45,0.323,0.414,0.474,0.888,119,,1,2,0,,1.412,3.2,,9.5,9,0.94
B.A. Vollmuth,2011,21,0.3,Southern Mississippi,CUSA,NCAA,,55,267,219,48,66,12,3,12,49,2,0,37,60,0.301,0.408,0.548,0.955,120,,5,2,4,,,,,,,
Aaron Westlake,2011,22,1.4,Vanderbilt,SEC,NCAA,,66,307,250,59,86,18,1,18,56,2,5,47,54,0.344,0.463,0.64,1.103,160,,9,0,1,,,,,,,
Kyle Kubitza,2011,20,-0.8,Texas State,SLC,NCAA,,64,298,226,59,70,12,7,10,66,16,3,54,48,0.31,0.446,0.558,1.003,126,,7,4,7,,,,,,,
Ricky Oropesa,2011,21,0.6,Southern California,P10,NCAA,,56,246,208,35,67,10,1,7,44,4,2,29,46,0.322,0.402,0.481,0.883,100,,3,0,6,,,,,,,
John Hicks,2011,21,0.6,Virginia,ACC,NCAA,,68,308,277,52,92,21,1,8,59,5,4,18,19,0.332,0.373,0.502,0.875,139,,5,0,8,,,,,,,
Jake Lowery,2011,20,-0.4,James Madison,CAA,NCAA,,61,294,251,80,90,22,8,24,91,9,3,38,47,0.359,0.442,0.797,1.239,200,,2,0,3,,,,,,,
Jason King,2011,22,1.2,Kansas State,B12,NCAA,,61,269,230,46,75,19,6,10,59,16,2,18,25,0.326,0.377,0.591,0.968,136,,8,1,12,,,,,,,
Riccio Torrez,2011,21,0.6,Arizona State,P10,NCAA,,57,259,228,37,70,17,4,4,54,15,4,15,30,0.307,0.363,0.469,0.833,107,,8,3,5,,,,,,,
Matt Skole,2011,21,0.6,Georgia Tech,ACC,NCAA,,61,283,233,56,81,16,0,10,58,1,3,44,33,0.348,0.445,0.545,0.99,127,,1,0,5,,,,,,,
Beau Taylor,2011,21,0.3,Central Florida,CUSA,NCAA,,61,266,231,51,75,11,2,5,47,0,3,23,27,0.325,0.385,0.455,0.84,105,,3,4,5,,,,,,,
Brandon Loy,2011,21,0.2,Texas,B12,NCAA,,68,322,269,50,92,23,3,1,30,19,4,34,28,0.342,0.419,0.461,0.88,124,,3,14,2,,,,,,,
Taylor Featherston,2011,21,0.4,Texas Christian,MWC,NCAA,,62,289,245,53,82,13,4,3,42,6,5,18,32,0.335,0.41,0.457,0.867,112,,18,1,7,,,,,,,
Ryan Wright,2011,21,0.4,Louisville,BigE,NCAA,,61,272,234,49,81,15,4,12,52,16,2,33,32,0.346,0.426,0.598,1.025,140,,2,0,3,,,,,,,
Tyler Grimes,2011,20,-0.6,Wichita State,MVC,NCAA,,65,321,243,67,73,10,2,5,32,28,4,57,61,0.3,0.467,0.42,0.887,102,,19,2,0,,,,,,,
Dan Gamache,2011,20,-0.6,Auburn,SEC,NCAA,,53,235,194,35,58,13,2,5,29,2,0,30,33,0.299,0.414,0.464,0.878,90,,8,3,0,,,,,,,
Brandon Meredith,2011,21,0.4,San Diego State,MWC,NCAA,,56,248,194,44,52,15,4,5,38,7,3,41,47,0.268,0.415,0.464,0.879,90,,10,0,3,,,,,,,
Kyle Gaedele,2011,21,0.4,Valparaiso,Horz,NCAA,,57,266,221,53,69,17,3,7,39,23,4,38,50,0.312,0.417,0.511,0.929,113,,4,0,3,,,,,,,
Zach Wright,2011,21,0.3,East Carolina,CUSA,NCAA,,62,274,228,47,62,15,1,13,39,6,1,34,59,0.272,0.376,0.518,0.894,118,,6,3,3,,,,,,,
Zach Wright,2012,22,1.2,East Carolina,CUSA,NCAA,,59,251,211,41,62,12,0,5,39,10,2,26,41,0.294,0.383,0.422,0.805,89,,7,3,4,1,,,,,,
Steven Proscia,2011,21,0.6,Virginia,ACC,NCAA,,68,308,275,52,88,19,1,8,59,11,5,20,38,0.32,0.368,0.484,0.852,133,,5,1,7,,,,,,,
Cole Frenzel,2011,21,0.6,Arizona,P10,NCAA,,60,287,228,48,79,16,1,3,48,9,2,31,35,0.346,0.461,0.465,0.926,106,,19,7,2,,,,,,,
Scott Woodward,2011,22,1.2,Coastal Carolina,BigS,NCAA,,55,264,193,57,66,17,1,4,37,31,4,35,58,0.342,0.48,0.503,0.983,97,,22,8,6,,,,,,,
Harold Riggins,2011,21,0.6,NC State,ACC,NCAA,,60,258,207,33,65,11,2,4,35,2,3,37,67,0.314,0.436,0.444,0.88,92,,10,1,3,,,,,,,
Nick Martini,2011,21,0.2,Kansas State,B12,NCAA,,61,278,221,48,72,15,4,1,44,24,4,37,27,0.326,0.442,0.443,0.885,98,,12,4,4,,,,,,,
Kevan Smith,2011,23,2.4,Pittsburgh,BigE,NCAA,,54,243,209,59,83,17,4,11,56,10,1,22,20,0.397,0.465,0.675,1.14,141,,8,0,4,,,,,,,
John Ruettiger,2011,21,0.6,Arizona State,P10,NCAA,,60,289,245,53,80,8,4,0,37,23,13,34,31,0.327,0.411,0.392,0.803,96,,4,2,4,,,,,,,
Taylor Dugas,2011,21,0.4,Alabama,SEC,NCAA,,63,290,241,60,84,20,4,8,33,8,5,41,22,0.349,0.455,0.564,1.019,136,,7,0,1,,,,,,,
Taylor Dugas,2012,22,1.6,Alabama,SEC,NCAA,,55,253,207,41,71,12,7,2,28,8,5,25,21,0.343,0.45,0.498,0.948,103,,17,2,2,2,,,,,,
Danny Muno,2011,22,1.4,Fresno State,WAC,NCAA,,56,260,204,47,71,14,1,3,52,14,6,46,27,0.348,0.471,0.471,0.942,96,,5,1,4,,,,,,,
Jason Krizan,2011,22,1.6,Dallas Baptist,D1IN,NCAA,,62,300,247,63,102,39,1,10,81,13,4,42,23,0.413,0.498,0.7,1.199,173,,4,3,4,,,,,,,
Tommy La Stella,2011,22,1.2,Coastal Carolina,BigS,NCAA,,61,281,231,59,92,15,4,14,70,7,4,32,18,0.398,0.476,0.68,1.156,157,,7,6,5,,,,,,,
Austin Barnes,2011,21,0.6,Arizona State,P10,NCAA,,43,171,153,27,49,14,1,1,15,3,1,12,16,0.32,0.376,0.444,0.821,68,,3,1,2,,,,,,,
Tyler Ogle,2011,20,-0.8,Oklahoma,B12,NCAA,,60,249,201,53,69,15,0,9,45,10,4,34,34,0.343,0.464,0.552,1.016,111,,12,1,1,,,,,,,
Chad Wright,2011,21,0.4,Kentucky,SEC,NCAA,,55,262,217,42,78,16,3,6,40,16,4,23,16,0.359,0.449,0.544,0.993,118,,14,6,2,,,,,,,
Travis Shaw,2011,21,0.4,Kent State,MAC,NCAA,,62,289,244,48,75,14,2,14,51,0,1,40,40,0.307,0.401,0.553,0.955,135,,1,0,4,,,,,,,
Adam Bryant,2011,22,1,Troy,SBC,NCAA,,62,306,270,63,91,26,2,11,66,8,4,26,25,0.337,0.401,0.57,0.972,154,,5,2,3,,,,,,,
Matt Rice,2011,22,1,Western Kentucky,SBC,NCAA,,57,277,236,45,85,14,2,9,59,1,0,35,38,0.36,0.444,0.551,0.995,130,,3,0,3,,,,,,,
Drew Martinez,2011,22,1.3,Memphis,CUSA,NCAA,,57,284,239,56,79,14,0,0,24,20,5,36,31,0.331,0.413,0.389,0.803,93,,2,1,6,,,,,,,
Dusty Robinson,2011,21,0.4,Fresno State,WAC,NCAA,,53,237,210,44,65,20,3,16,55,10,1,16,55,0.31,0.364,0.662,1.026,139,,5,1,5,,,,,,,
Curt Casali,2011,22,1.4,Vanderbilt,SEC,NCAA,,64,277,238,40,72,20,0,7,53,1,0,22,21,0.303,0.387,0.475,0.862,113,,12,3,2,,,,,,,
Robert Kral,2011,22,1.6,College of Charleston,SoCo,NCAA,,61,282,213,62,68,17,1,11,48,6,2,61,30,0.319,0.471,0.563,1.035,120,,3,2,3,,,,,,,
Logan Robbins,2011,21,0,Western Kentucky,SBC,NCAA,,51,229,199,34,57,12,2,4,33,20,4,21,46,0.286,0.371,0.427,0.798,85,,7,0,2,,,,,,,
Mike Zunino,2011,20,-0.6,Florida,SEC,NCAA,,72,303,264,75,98,23,0,19,67,7,2,32,52,0.371,0.442,0.674,1.116,178,,3,2,2,,,,,,,
Mike Zunino,2012,21,0.6,Florida,SEC,NCAA,,66,292,245,53,79,28,0,19,67,9,1,31,47,0.322,0.394,0.669,1.063,164,,5,0,11,6,,,,,,
James Ramsey,2011,21,0.6,Florida State,ACC,NCAA,,65,296,250,58,91,18,3,10,67,11,3,31,52,0.364,0.442,0.58,1.022,145,,8,2,5,,,,,,,
James Ramsey,2012,22,1.6,Florida State,ACC,NCAA,,67,314,233,78,88,13,6,13,58,11,5,63,42,0.378,0.513,0.652,1.165,152,,9,2,7,5,,,,,,
Deven Marrero,2011,20,-0.4,Arizona State,P10,NCAA,,54,238,219,33,69,14,3,2,20,10,5,14,30,0.315,0.352,0.434,0.785,95,,0,2,3,,,,,,,
Deven Marrero,2012,21,0.5,Arizona State,P12,NCAA,,54,238,218,38,62,11,5,4,33,11,3,18,17,0.284,0.34,0.436,0.776,95,,1,0,1,0,,,,,,
Richie Shaffer,2011,20,-0.4,Clemson,ACC,NCAA,,63,276,222,62,70,15,2,13,55,8,1,44,53,0.315,0.438,0.577,1.015,128,,7,0,3,,,,,,,
Richie Shaffer,2012,21,0.6,Clemson,ACC,NCAA,,63,300,232,49,78,21,2,10,46,8,2,63,53,0.336,0.48,0.573,1.053,133,,3,0,2,12,,,,,,
Victor Roache,2011,19,-1.4,Georgia Southern,SoCo,NCAA,,62,281,230,58,75,10,2,30,84,3,4,37,42,0.326,0.438,0.778,1.216,179,,11,0,3,,,,,,,
Victor Roache,2012,20,-0.5,Georgia Southern,SoCo,NCAA,,6,25,17,6,7,0,0,2,5,0,0,7,1,0.412,0.6,0.765,1.365,13,,1,0,0,2,,,,,,
Nolan Fontana,2011,20,-0.6,Florida,SEC,NCAA,,71,337,256,57,74,12,5,5,49,6,4,52,30,0.289,0.414,0.434,0.848,111,,9,11,9,,,,,,,
Nolan Fontana,2012,21,0.6,Florida,SEC,NCAA,,66,307,243,59,69,10,1,9,30,13,1,48,27,0.284,0.406,0.444,0.85,108,,4,9,3,2,,,,,,
Jeremy Baltz,2011,20,-0.6,St. John's,BigE,NCAA,,58,269,209,42,65,12,3,6,60,7,2,42,47,0.311,0.444,0.483,0.927,101,,12,1,5,,,,,,,
Jeremy Baltz,2012,21,0.5,St. John's,BigE,NCAA,,63,288,241,65,83,13,4,8,52,18,5,33,22,0.344,0.431,0.531,0.962,128,,8,0,6,4,,,,,,
Matt Reynolds,2011,20,-0.6,Arkansas,SEC,NCAA,,59,253,202,36,49,11,1,3,22,16,2,32,42,0.243,0.359,0.351,0.711,71,,7,8,4,,,,,,,
Matt Reynolds,2012,21,0.6,Arkansas,SEC,NCAA,,67,287,235,48,76,20,0,7,45,16,5,40,33,0.323,0.427,0.498,0.924,117,,6,1,5,10,,,,,,
Adam Brett Walker,2011,19,-1.6,Jacksonville,ASun,NCAA,,61,286,242,65,99,23,2,13,74,14,0,35,63,0.409,0.486,0.682,1.168,165,,5,0,4,,,,,,,
Adam Brett Walker,2012,20,-0.4,Jacksonville,ASun,NCAA,,56,242,210,44,72,14,0,12,42,19,1,29,47,0.343,0.426,0.581,1.007,122,,2,0,1,8,,,,,,
Joey DeMichele,2011,20,-0.4,Arizona State,P10,NCAA,,52,212,193,37,71,16,7,9,51,6,2,14,27,0.368,0.412,0.663,1.076,128,,2,1,2,,,,,,,
Joey DeMichele,2012,21,0.5,Arizona State,P12,NCAA,,56,249,217,50,73,14,7,6,47,12,4,19,31,0.336,0.398,0.548,0.946,119,,7,0,6,0,,,,,,
Mac Williamson,2011,20,-0.4,Wake Forest,ACC,NCAA,,56,243,205,33,56,9,0,12,49,11,3,25,58,0.273,0.368,0.493,0.86,101,,8,1,4,,,,,,,
Mac Williamson,2012,21,0.6,Wake Forest,ACC,NCAA,,53,230,192,42,55,7,0,17,52,12,3,23,41,0.286,0.396,0.589,0.984,113,,13,0,2,3,,,,,,
Patrick Kivlehan,2012,22,1.5,Rutgers,BigE,NCAA,,51,229,189,47,74,11,2,14,50,24,4,22,40,0.392,0.48,0.693,1.173,131,,14,0,4,5,,,,,,
Christian Walker,2011,20,-0.6,South Carolina,SEC,NCAA,,69,317,271,64,97,21,1,10,62,4,3,36,30,0.358,0.438,0.554,0.992,150,,6,0,4,,,,,,,
Christian Walker,2012,21,0.6,South Carolina,SEC,NCAA,,67,302,240,48,77,12,2,11,55,3,2,51,24,0.321,0.45,0.525,0.975,126,,8,0,3,9,,,,,,
Kenny Diekroeger,2011,20,-0.4,Stanford,P10,NCAA,,56,248,225,31,66,8,1,2,31,2,2,19,36,0.293,0.356,0.364,0.721,82,,3,1,0,,,,,,,
Kenny Diekroeger,2012,21,0.5,Stanford,P12,NCAA,,59,255,222,32,62,16,0,2,31,3,3,20,53,0.279,0.345,0.378,0.724,84,,5,3,5,2,,,,,,
Brandon Thomas,2011,20,-0.4,Georgia Tech,ACC,NCAA,,63,253,205,29,63,12,2,3,29,19,3,36,42,0.307,0.417,0.429,0.846,88,,4,6,2,,,,,,,
Brandon Thomas,2012,21,0.6,Georgia Tech,ACC,NCAA,,56,265,211,57,76,15,5,5,44,12,5,37,43,0.36,0.481,0.55,1.031,116,,13,3,1,1,,,,,,
Brandon Thomas,2013,22,1.5,Georgia Tech,ACC,NCAA,,53,247,209,49,67,15,4,1,30,9,2,30,40,0.321,0.406,0.445,0.851,93,,2,3,3,1,,,,,,
Brandon Miller,2011,21,0.6,Samford,SoCo,NCAA,,55,234,196,40,53,9,2,16,43,3,1,33,50,0.27,0.382,0.582,0.964,114,,3,1,1,,,,,,,
Brandon Miller,2012,22,1.5,Samford,SoCo,NCAA,,63,291,246,58,74,17,0,23,65,1,3,37,52,0.301,0.395,0.65,1.046,160,,4,0,4,2,,,,,,
Alex Yarbrough,2011,19,-1.6,Mississippi,SEC,NCAA,,55,247,214,49,75,14,3,7,38,4,1,21,27,0.35,0.409,0.542,0.951,116,,1,10,1,,,,,,,
Alex Yarbrough,2012,20,-0.4,Mississippi,SEC,NCAA,,62,279,250,43,95,17,3,3,43,4,0,22,24,0.38,0.437,0.508,0.945,127,,4,2,1,5,,,,,,
Alex D. Mejia,2011,20,-0.4,Arizona,P10,NCAA,,60,246,230,40,77,12,4,0,42,7,6,4,23,0.335,0.35,0.422,0.772,97,,3,6,3,,,,,,,
Alex D. Mejia,2012,21,0.5,Arizona,P12,NCAA,,65,316,272,54,97,12,6,3,54,8,6,14,22,0.357,0.392,0.478,0.87,130,,7,15,8,3,,,,,,
Chris Serritella,2012,22,1.4,Southern Illinois,MVC,NCAA,,58,271,234,56,91,24,1,13,61,6,0,34,51,0.389,0.461,0.667,1.128,156,,0,0,3,5,,,,,,
Andrew Aplin,2011,20,-0.4,Arizona State,P10,NCAA,,49,170,141,23,40,9,3,1,19,3,5,19,16,0.284,0.376,0.411,0.787,58,,3,5,2,,,,,,,
Andrew Aplin,2012,21,0.5,Arizona State,P12,NCAA,,56,269,230,52,72,16,4,6,30,8,2,27,13,0.313,0.392,0.496,0.888,114,,5,4,3,1,,,,,,
Chris Taylor,2011,20,-0.4,Virginia,ACC,NCAA,,68,328,285,63,87,18,2,2,49,15,6,27,45,0.305,0.385,0.404,0.788,115,,11,3,2,,,,,,,
Chris Taylor,2012,21,0.6,Virginia,ACC,NCAA,,59,286,236,57,67,13,5,5,47,12,2,35,38,0.284,0.383,0.445,0.828,105,,6,4,5,0,,,,,,
Austin Nola,2011,21,0.4,Louisiana State,SEC,NCAA,,56,237,196,40,58,13,2,2,42,4,3,28,35,0.296,0.378,0.413,0.791,81,,2,4,7,,,,,,,
Austin Nola,2012,22,1.6,Louisiana State,SEC,NCAA,,64,278,221,47,66,16,1,4,43,3,3,44,30,0.299,0.42,0.434,0.854,96,,5,4,4,2,,,,,,
Matt Wessinger,2011,20,-0.6,St. John's,BigE,NCAA,,58,268,227,44,62,15,1,6,42,14,7,25,33,0.273,0.361,0.427,0.789,97,,8,5,3,,,,,,,
Matt Wessinger,2012,21,0.5,St. John's,BigE,NCAA,,63,295,247,62,86,14,1,6,48,34,2,34,30,0.348,0.435,0.486,0.921,120,,7,3,4,2,,,,,,
Max Muncy,2011,20,-0.8,Baylor,B12,NCAA,,59,271,227,40,73,10,3,9,44,6,3,37,36,0.322,0.428,0.511,0.939,116,,6,0,1,,,,,,,
Max Muncy,2012,21,0.1,Baylor,B12,NCAA,,66,306,255,55,82,17,3,7,56,7,5,41,32,0.322,0.418,0.494,0.912,126,,5,0,5,6,,,,,,
Spencer Kieboom,2011,20,-0.4,Clemson,ACC,NCAA,,53,206,170,22,48,10,0,1,31,0,0,22,13,0.282,0.365,0.359,0.723,61,,4,3,7,,,,,,,
Spencer Kieboom,2012,21,0.6,Clemson,ACC,NCAA,,58,234,204,25,51,7,0,3,33,0,0,19,17,0.25,0.314,0.328,0.643,67,,2,5,4,0,,,,,,
Blake Brown,2011,20,-0.8,Missouri,B12,NCAA,,54,237,188,33,50,7,3,7,34,20,8,38,63,0.266,0.397,0.447,0.844,84,,5,3,3,,,,,,,
Blake Brown,2012,21,0.1,Missouri,B12,NCAA,,59,263,225,51,68,15,2,10,40,17,5,25,61,0.302,0.388,0.52,0.908,117,,8,3,2,0,,,,,,
Ronnie Freeman,2011,20,-0.6,Kennesaw,ASun,NCAA,,57,267,217,49,85,20,0,10,51,1,0,37,31,0.392,0.487,0.622,1.109,135,,8,0,5,,,,,,,
Ronnie Freeman,2012,21,0.6,Kennesaw,ASun,NCAA,,59,265,230,42,79,13,0,6,53,0,0,28,37,0.343,0.419,0.478,0.897,110,,4,0,3,2,,,,,,
Rob Refsnyder,2011,20,-0.4,Arizona,P10,NCAA,,60,270,241,51,77,13,6,6,55,9,2,16,31,0.32,0.371,0.498,0.869,120,,6,3,4,,,,,,,
Rob Refsnyder,2012,21,0.5,Arizona,P12,NCAA,,65,310,258,64,94,19,4,8,66,14,4,34,26,0.364,0.453,0.562,1.015,145,,11,3,4,5,,,,,,
Anthony Gomez,2011,20,-0.6,Vanderbilt,SEC,NCAA,,66,310,286,61,96,12,2,0,48,7,2,9,14,0.336,0.352,0.392,0.744,112,,1,9,5,,,,,,,
Anthony Gomez,2012,21,0.6,Vanderbilt,SEC,NCAA,,63,288,255,37,90,12,2,1,57,11,6,18,15,0.353,0.404,0.427,0.831,109,,5,8,2,4,,,,,,
Jayce Boyd,2011,20,-0.4,Florida State,ACC,NCAA,,65,294,245,44,84,17,4,8,60,10,2,36,33,0.343,0.423,0.543,0.966,133,,3,3,7,,,,,,,
Jayce Boyd,2012,21,0.6,Florida State,ACC,NCAA,,66,303,255,47,96,21,0,4,61,8,1,37,26,0.376,0.452,0.506,0.958,129,,4,0,7,9,,,,,,
Joe Hudson,2011,20,-0.6,Notre Dame,BigE,NCAA,,53,189,163,18,39,10,2,0,14,2,2,17,20,0.239,0.322,0.325,0.648,53,,3,6,0,,,,,,,
Joe Hudson,2012,21,0.5,Notre Dame,BigE,NCAA,,57,241,202,39,67,14,1,6,39,3,1,23,32,0.332,0.432,0.5,0.932,101,,14,0,2,2,,,,,,
Eric Phillips,2011,20,-0.4,Georgia Southern,SoCo,NCAA,,62,294,251,62,98,13,3,4,39,26,5,28,20,0.39,0.464,0.514,0.978,129,,8,5,2,,,,,,,
Eric Phillips,2012,21,0.5,Georgia Southern,SoCo,NCAA,,60,284,238,47,93,24,1,5,54,29,4,25,15,0.391,0.459,0.563,1.022,134,,11,3,7,3,,,,,,
Eric Stamets,2011,19,-1.6,Evansville,MVC,NCAA,,53,256,212,51,62,13,0,2,21,27,10,24,34,0.292,0.382,0.382,0.764,81,,9,7,4,,,,,,,
Eric Stamets,2012,20,-0.6,Evansville,MVC,NCAA,,59,283,225,41,71,19,1,1,27,30,7,30,17,0.316,0.398,0.422,0.82,95,,6,14,8,0,,,,,,
Josh Elander,2011,20,-0.6,Texas Christian,MWC,NCAA,,48,204,171,38,57,11,2,5,38,9,0,28,36,0.333,0.426,0.509,0.935,87,,2,0,3,,,,,,,
Josh Elander,2012,21,0.8,Texas Christian,MWC,NCAA,,62,273,223,56,70,12,1,11,44,14,7,42,44,0.314,0.436,0.525,0.961,117,,7,0,1,1,,,,,,
Jake Lamb,2011,20,-0.4,Washington,P10,NCAA,,54,241,212,20,66,13,2,3,26,2,0,13,32,0.311,0.371,0.434,0.805,92,,9,4,3,,,,,,,
Jake Lamb,2012,21,0.5,Washington,P12,NCAA,,54,233,190,32,61,12,1,3,30,4,4,30,26,0.321,0.429,0.442,0.871,84,,8,2,3,4,,,,,,
Cameron Perkins,2011,20,-0.6,Purdue,BTen,NCAA,,56,269,232,42,81,15,4,8,53,13,3,12,28,0.349,0.419,0.552,0.971,128,,19,2,4,,,,,,,
Cameron Perkins,2012,21,0.6,Purdue,BTen,NCAA,,58,273,242,53,86,15,0,9,61,8,3,13,20,0.355,0.401,0.529,0.93,128,,8,6,4,1,,,,,,
Preston Tucker,2011,20,-0.6,Florida,SEC,NCAA,,72,324,286,55,88,23,0,15,74,5,3,28,29,0.308,0.381,0.545,0.926,156,,7,1,2,,,,,,,
Preston Tucker,2012,21,0.6,Florida,SEC,NCAA,,67,304,262,57,84,17,2,16,50,6,3,35,27,0.321,0.405,0.584,0.989,153,,4,0,3,5,,,,,,
Taylor Ard,2011,21,0.6,Washington State,P10,NCAA,,54,224,196,40,66,17,0,10,55,3,2,18,25,0.337,0.408,0.577,0.985,113,,7,1,2,,,,,,,
Taylor Ard,2012,22,1.5,Washington State,P12,NCAA,,55,257,220,41,73,16,1,12,50,3,0,25,24,0.332,0.412,0.577,0.99,127,,8,0,4,5,,,,,,
Stephen Bruno,2011,20,-0.4,Virginia,ACC,NCAA,,7,26,25,4,6,2,0,0,2,0,1,0,7,0.24,0.269,0.32,0.589,8,,1,0,0,,,,,,,
Stephen Bruno,2012,21,0.6,Virginia,ACC,NCAA,,58,280,238,49,88,23,2,6,54,11,3,14,27,0.37,0.424,0.559,0.983,133,,15,4,9,1,,,,,,
Jacob Stallings,2011,21,0.6,North Carolina,ACC,NCAA,,67,292,233,52,68,18,1,4,43,4,0,44,41,0.292,0.403,0.429,0.832,100,,4,4,7,,,,,,,
Jacob Stallings,2012,22,1.6,North Carolina,ACC,NCAA,,62,280,238,44,70,24,0,4,42,5,1,34,48,0.294,0.388,0.445,0.834,106,,4,2,2,0,,,,,,
Beau Amaral,2011,20,-0.4,UCLA,P10,NCAA,,58,267,221,37,66,16,3,2,29,8,4,24,50,0.299,0.404,0.425,0.829,94,,15,7,0,,,,,,,
Beau Amaral,2012,21,0.5,UCLA,P12,NCAA,,64,312,268,63,84,10,5,4,46,13,6,22,38,0.313,0.389,0.433,0.822,116,,15,1,6,2,,,,,,
Ian Parmley,2011,21,0.2,Liberty,BigS,NCAA,,55,244,210,48,66,8,4,0,19,27,10,25,33,0.314,0.384,0.39,0.774,82,,0,7,2,,,,,,,
Ian Parmley,2012,22,1.6,Liberty,BigS,NCAA,,60,299,250,66,79,10,2,0,26,30,4,36,30,0.316,0.408,0.372,0.78,93,,5,5,3,2,,,,,,
Marty Gantt,2011,21,0.6,College of Charleston,SoCo,NCAA,,61,306,237,63,78,15,3,7,44,25,5,55,38,0.329,0.469,0.506,0.975,120,,9,3,2,,,,,,,
Marty Gantt,2012,22,1.5,College of Charleston,SoCo,NCAA,,60,289,236,68,88,20,2,11,46,29,9,45,36,0.373,0.483,0.614,1.097,145,,6,1,1,5,,,,,,
Cam Schiller,2011,21,0.2,Oral Roberts,SUMT,NCAA,,61,276,228,48,78,17,1,7,56,3,1,27,27,0.342,0.416,0.518,0.934,118,,7,7,7,,,,,,,
Cam Schiller,2012,22,1,Oral Roberts,SUMT,NCAA,,63,282,255,43,78,14,0,8,51,3,2,17,34,0.306,0.359,0.455,0.814,116,,6,1,3,0,,,,,,
Tyler Heineman,2011,20,-0.4,UCLA,P10,NCAA,,23,59,46,8,12,2,0,0,7,0,1,6,5,0.261,0.404,0.304,0.708,14,,5,2,0,,,,,,,
Tyler Heineman,2012,21,0.5,UCLA,P12,NCAA,,59,271,211,42,70,7,1,1,27,3,2,22,14,0.332,0.435,0.389,0.823,82,,18,18,2,0,,,,,,
Torsten Boss,2011,20,-0.6,Michigan State,BTen,NCAA,,57,263,219,44,81,17,5,7,59,7,2,28,38,0.37,0.436,0.589,1.025,129,,4,4,8,,,,,,,
Torsten Boss,2012,21,0.6,Michigan State,BTen,NCAA,,60,293,235,44,71,13,3,5,43,12,3,43,45,0.302,0.419,0.447,0.866,105,,8,2,5,3,,,,,,
Brian Adams,2011,20,-0.6,Kentucky,SEC,NCAA,,41,149,125,20,36,8,1,2,13,9,2,11,42,0.288,0.373,0.416,0.789,52,,6,7,0,,,,,,,
Brian Adams,2012,21,0.6,Kentucky,SEC,NCAA,,27,48,44,6,11,2,0,1,7,1,1,3,18,0.25,0.298,0.364,0.662,16,,0,1,0,0,,,,,,
Derek Jones,2011,21,0.6,Washington State,P10,NCAA,,54,227,193,39,53,11,2,8,33,7,2,22,50,0.275,0.37,0.477,0.847,92,,9,0,3,,,,,,,
Derek Jones,2012,22,1.5,Washington State,P12,NCAA,,55,249,209,43,70,17,3,9,45,11,2,31,45,0.335,0.438,0.574,1.012,120,,8,0,1,4,,,,,,
Seth Mejias-Brean,2011,20,-0.4,Arizona,P10,NCAA,,59,223,195,30,61,7,3,0,25,7,3,14,29,0.313,0.372,0.379,0.752,74,,5,8,1,,,,,,,
Seth Mejias-Brean,2012,21,0.5,Arizona,P12,NCAA,,65,298,264,57,94,22,4,1,61,10,4,22,23,0.356,0.402,0.481,0.883,127,,3,2,7,4,,,,,,
Tucker Frawley,2011,22,1.2,Coastal Carolina,BigS,NCAA,,41,155,128,19,30,5,0,1,15,1,0,12,27,0.234,0.333,0.297,0.63,38,,8,5,2,,,,,,,
Tucker Frawley,2012,23,2.6,Coastal Carolina,BigS,NCAA,,60,250,203,25,60,8,0,1,27,5,3,33,31,0.296,0.411,0.35,0.76,71,,8,4,2,1,,,,,,
Yoenny Gonzalez,,,,,,,,,,,,,,,,,,,,,,,,,,,,,,,,,,,,
Luke Maile,2011,20,-0.6,Kentucky,SEC,NCAA,,51,209,177,29,50,10,3,9,36,6,2,18,49,0.282,0.361,0.525,0.886,93,,6,4,4,,,,,,,
Luke Maile,2012,21,0.6,Kentucky,SEC,NCAA,,62,278,229,48,73,13,0,12,51,9,2,34,36,0.319,0.426,0.533,0.959,122,,11,1,3,4,,,,,,
Evan Marzilli,2011,20,-0.6,South Carolina,SEC,NCAA,,66,263,220,39,64,14,2,3,31,6,1,25,63,0.291,0.375,0.414,0.789,91,,6,10,2,,,,,,,
Evan Marzilli,2012,21,0.6,South Carolina,SEC,NCAA,,69,323,268,51,76,14,4,2,32,13,4,30,57,0.284,0.365,0.388,0.753,104,,9,8,8,0,,,,,,
Jeff McVaney,2011,21,0.2,Texas State,SLC,NCAA,,64,295,238,53,76,11,1,10,47,12,6,34,37,0.319,0.428,0.5,0.928,119,,15,3,5,,,,,,,
Jeff McVaney,2012,22,1.6,Texas State,SLC,NCAA,,56,248,222,46,75,21,2,10,48,16,3,14,41,0.338,0.39,0.586,0.976,130,,7,2,3,3,,,,,,
Taylor Dugas,2011,21,0.4,Alabama,SEC,NCAA,,63,290,241,60,84,20,4,8,33,8,5,41,22,0.349,0.455,0.564,1.019,136,,7,0,1,,,,,,,
Taylor Dugas,2012,22,1.6,Alabama,SEC,NCAA,,55,253,207,41,71,12,7,2,28,8,5,25,21,0.343,0.45,0.498,0.948,103,,17,2,2,2,,,,,,
Josh Ludy,2011,21,0.2,Baylor,B12,NCAA,,57,231,205,26,57,10,1,3,34,2,0,19,40,0.278,0.352,0.38,0.733,78,,5,1,1,,,,,,,
Josh Ludy,2012,22,1.1,Baylor,B12,NCAA,,63,279,232,41,84,15,0,16,71,1,0,32,41,0.362,0.455,0.634,1.089,147,,11,0,4,2,,,,,,
L.J. Mazzilli,2011,20,-0.6,Connecticut,BigE,NCAA,,65,304,275,48,93,23,5,3,32,11,10,21,28,0.338,0.392,0.491,0.883,135,,4,3,1,,,,,,,
L.J. Mazzilli,2012,21,0.5,Connecticut,BigE,NCAA,,58,267,239,43,81,19,2,9,38,16,5,22,30,0.339,0.404,0.548,0.953,131,,5,0,1,3,,,,,,
L.J. Mazzilli,2013,22,1.4,Connecticut,BigE,NCAA,,63,299,260,50,92,16,4,6,52,29,4,28,26,0.354,0.408,0.515,0.923,134,,2,0,9,8,,,,,,
Jamodrick McGruder,2011,19,-1.8,Texas Tech,B12,NCAA,,49,241,174,38,51,3,4,2,29,28,6,35,40,0.293,0.47,0.391,0.861,68,,25,5,2,,,,,,,
Jamodrick McGruder,2012,20,-0.9,Texas Tech,B12,NCAA,,53,259,193,54,69,6,8,2,27,39,5,45,35,0.358,0.5,0.503,1.003,97,,11,9,1,1,,,,,,
D.J. Crumlich,2011,21,0.2,UC Irvine,BigW,NCAA,,59,284,233,51,70,15,2,1,27,4,4,32,31,0.3,0.401,0.395,0.796,92,,9,7,3,,,,,,,
D.J. Crumlich,2012,22,1.7,UC Irvine,BigW,NCAA,,56,263,222,39,72,16,1,0,19,8,3,26,22,0.324,0.402,0.405,0.808,90,,7,2,6,0,,,,,,
Richie Rodriguez,2011,21,0.3,Eastern Kentucky,OVC,NCAA,,57,255,230,44,82,14,5,2,26,19,3,20,21,0.357,0.42,0.487,0.907,112,,5,0,0,,,,,,,
Richie Rodriguez,2012,22,1,Eastern Kentucky,OVC,NCAA,,54,258,212,59,80,18,3,14,46,12,3,33,13,0.377,0.469,0.689,1.158,146,,8,0,5,9,,,,,,
Daniel Pigott,2011,21,0.4,Florida,SEC,NCAA,,71,285,257,44,85,21,1,5,40,15,4,12,31,0.331,0.375,0.479,0.853,123,,6,10,0,,,,,,,
Daniel Pigott,2012,22,1.6,Florida,SEC,NCAA,,67,299,255,49,81,13,2,8,41,12,5,23,31,0.318,0.386,0.478,0.864,122,,9,6,6,2,,,,,,
Joey Rickard,2011,20,-0.4,Arizona,P10,NCAA,,60,293,248,49,86,11,1,4,37,16,8,22,32,0.347,0.41,0.448,0.857,111,,8,10,5,,,,,,,
Joey Rickard,2012,21,0.5,Arizona,P12,NCAA,,61,308,259,60,83,17,2,1,33,18,6,25,36,0.32,0.397,0.413,0.81,107,,12,6,6,1,,,,,,
Jake Stewart,2011,20,-0.4,Stanford,P10,NCAA,,45,196,174,32,50,15,1,0,19,8,2,15,54,0.287,0.339,0.385,0.724,67,,0,4,3,,,,,,,
Jake Stewart,2012,21,0.5,Stanford,P12,NCAA,,48,219,194,40,57,16,0,7,26,3,1,12,39,0.294,0.341,0.485,0.826,94,,4,5,4,2,,,,,,
Joel Hutter,2011,21,0.6,Dallas Baptist,D1IN,NCAA,,61,277,231,47,70,15,1,9,50,3,0,33,34,0.303,0.396,0.494,0.89,114,,6,2,5,,,,,,,
Joel Hutter,2012,22,1.4,Dallas Baptist,D1IN,NCAA,,60,271,234,45,79,16,1,11,72,8,1,22,33,0.338,0.4,0.556,0.956,130,,7,1,7,1,,,,,,
Stephen Carmon,2011,21,0.3,USC Aiken,PBC,NCAA,,50,237,193,46,72,17,7,4,26,33,3,33,16,0.373,0.474,0.596,1.07,115,,5,5,1,,,,,,,
Stephen Carmon,2012,22,1.4,USC Aiken,PBC,NCAA,,55,268,227,57,79,16,2,0,28,45,2,27,6,0.348,0.426,0.436,0.862,99,,6,5,3,,,,,,,
Ben Waldrip,2011,21,0.3,Jacksonville State,OVC,NCAA,,50,219,192,33,66,7,1,10,46,0,0,18,34,0.344,0.416,0.547,0.962,105,,7,0,2,,,,,,,
Ben Waldrip,2012,22,1,Jacksonville State,OVC,NCAA,,53,249,212,40,70,14,1,18,61,1,1,23,30,0.33,0.41,0.66,1.07,140,,9,0,5,1,,,,,,
Brett Vertigan,2012,21,0.7,UC Santa Barbara,BigW,NCAA,,56,273,236,54,90,14,9,1,30,17,7,26,16,0.381,0.454,0.53,0.984,125,,7,2,2,4,,,,,,
Craig Manuel,2011,21,0.3,Rice,CUSA,NCAA,,60,233,175,24,54,6,0,1,35,1,0,29,8,0.309,0.421,0.36,0.781,63,,10,12,7,,,,,,,
Craig Manuel,2012,22,1.2,Rice,CUSA,NCAA,,58,207,171,19,47,6,0,2,25,0,0,18,13,0.275,0.37,0.345,0.715,59,,9,7,2,0,,,,,,
Trevor Brown,2011,19,-1.4,UCLA,P10,NCAA,,41,123,106,10,23,3,0,0,8,1,1,8,26,0.217,0.291,0.245,0.536,26,,3,6,0,,,,,,,
Trevor Brown,2012,20,-0.5,UCLA,P12,NCAA,,64,281,246,41,79,13,2,3,52,3,4,15,34,0.321,0.373,0.427,0.8,105,,9,5,6,0,,,,,,
Jacob Wilson,2011,20,-0.7,Memphis,CUSA,NCAA,,57,270,217,51,62,14,0,6,51,11,3,34,33,0.286,0.386,0.433,0.82,94,,6,6,7,,,,,,,
Jacob Wilson,2012,21,0.2,Memphis,CUSA,NCAA,,57,266,231,47,74,17,0,17,64,7,9,27,31,0.32,0.394,0.615,1.009,142,,3,2,3,0,,,,,,
Daniel Poma,2011,22,1.6,Hofstra,CAA,NCAA,,47,210,178,38,68,16,2,2,28,20,8,16,30,0.382,0.452,0.528,0.98,94,,10,2,4,,,,,,,
Daniel Poma,2012,23,2.6,Hofstra,CAA,NCAA,,56,280,237,78,102,32,0,7,48,29,9,22,16,0.43,0.5,0.654,1.154,155,,16,0,5,3,,,,,,
Matt Snyder,2011,21,0.4,Mississippi,SEC,NCAA,,55,214,176,25,53,14,0,9,39,0,0,28,40,0.301,0.425,0.534,0.959,94,,10,0,0,,,,,,,
Matt Snyder,2012,22,1.6,Mississippi,SEC,NCAA,,63,269,238,37,79,17,0,12,63,1,1,16,30,0.332,0.398,0.555,0.952,132,,12,0,3,3,,,,,,
Kris Bryant,2011,19,-1.7,San Diego,WCC,NCAA,,53,248,197,57,72,17,1,9,36,18,3,33,55,0.365,0.482,0.599,1.081,118,,14,1,3,,,,,,,
Kris Bryant,2012,20,-0.4,San Diego,WCC,NCAA,,57,263,213,59,78,17,3,14,56,9,3,39,38,0.366,0.483,0.671,1.154,143,,10,0,1,7,,,,,,
Kris Bryant,2013,21,0.5,San Diego,WCC,NCAA,,62,302,228,80,75,13,3,31,62,7,4,66,44,0.329,0.493,0.82,1.314,187,,8,0,0,21,,,,,,
Hunter Dozier,2011,19,-1.8,Stephen F. Austin,SLC,NCAA,,56,219,197,38,62,13,1,5,34,5,3,12,34,0.315,0.363,0.467,0.83,92,,4,4,2,,,,,,,
Hunter Dozier,2012,20,-0.4,Stephen F. Austin,SLC,NCAA,,59,260,227,43,81,22,1,10,37,8,6,29,42,0.357,0.431,0.595,1.025,135,,2,0,2,5,,,,,,
Hunter Dozier,2013,21,0.3,Stephen F. Austin,SLC,NCAA,,55,251,212,47,84,25,0,17,52,12,5,35,35,0.396,0.482,0.755,1.237,160,,2,0,2,9,,,,,,
D.J. Peterson,2011,19,-1.6,New Mexico,MWC,NCAA,,61,274,246,39,78,32,3,6,48,0,0,15,52,0.317,0.377,0.545,0.922,134,,10,1,2,,,,,,,
D.J. Peterson,2012,20,-0.2,New Mexico,MWC,NCAA,,61,288,248,57,104,21,3,17,78,1,1,33,29,0.419,0.49,0.734,1.223,182,,4,0,3,6,,,,,,
D.J. Peterson,2013,21,0.5,New Mexico,MWC,NCAA,,55,277,218,68,89,25,4,18,72,5,1,46,35,0.408,0.52,0.807,1.327,176,,9,0,4,16,,,,,,
Hunter Renfroe,2011,19,-1.6,Mississippi State,SEC,NCAA,,20,30,26,4,4,1,0,0,2,0,0,3,8,0.154,0.233,0.192,0.426,5,,0,0,1,,,,,,,
Hunter Renfroe,2012,20,-0.4,Mississippi State,SEC,NCAA,,61,264,230,24,58,16,0,4,25,7,1,21,51,0.252,0.328,0.374,0.702,86,,6,5,2,2,,,,,,
Hunter Renfroe,2013,21,0.6,Mississippi State,SEC,NCAA,,66,304,255,56,88,16,3,16,65,9,4,35,43,0.345,0.431,0.62,1.051,158,,8,0,6,13,,,,,,
Eric Jagielo,2011,19,-1.6,Notre Dame,BigE,NCAA,,53,232,201,32,54,13,1,5,28,5,5,25,30,0.269,0.355,0.418,0.773,84,,2,4,0,,,,,,,
Eric Jagielo,2012,20,-0.5,Notre Dame,BigE,NCAA,,58,269,229,33,71,15,0,13,43,4,4,28,34,0.31,0.399,0.546,0.945,125,,8,1,3,3,,,,,,
Eric Jagielo,2013,21,0.4,Notre Dame,BigE,NCAA,,56,252,196,47,76,19,1,9,53,3,3,35,33,0.388,0.5,0.633,1.133,124,,15,0,6,10,,,,,,
Phillip Ervin,2011,18,-2.4,Samford,SoCo,NCAA,,58,244,213,44,79,15,2,4,41,7,1,25,28,0.371,0.44,0.516,0.957,110,,3,1,2,,,,,,,
Phillip Ervin,2012,19,-1.5,Samford,SoCo,NCAA,,64,298,260,55,85,18,1,10,52,16,5,23,39,0.327,0.406,0.519,0.925,135,,13,0,2,0,,,,,,
Phillip Ervin,2013,20,-0.5,Samford,SoCo,NCAA,,55,242,196,58,66,14,2,11,40,21,2,39,25,0.337,0.459,0.597,1.056,117,,6,0,1,3,,,,,,
Aaron Judge,2011,19,-1.6,Fresno State,WAC,NCAA,,55,215,187,38,67,12,1,2,30,11,1,25,42,0.358,0.437,0.465,0.902,87,,1,2,0,,,,,,,
Aaron Judge,2012,20,-0.3,Fresno State,WAC,NCAA,,58,256,201,47,62,14,2,4,27,13,2,48,42,0.308,0.453,0.458,0.911,92,,6,0,1,8,,,,,,
Aaron Judge,2013,21,0.5,Fresno State,MWC,NCAA,,56,246,206,45,76,15,4,12,36,12,2,35,53,0.369,0.461,0.655,1.117,135,,2,1,2,8,,,,,,
Austin Wilson,2011,19,-1.4,Stanford,P10,NCAA,,55,210,196,25,61,7,0,5,30,1,0,7,56,0.311,0.348,0.423,0.771,83,,5,0,2,,,,,,,
Austin Wilson,2012,20,-0.5,Stanford,P12,NCAA,,59,263,221,56,63,12,2,10,54,8,0,24,44,0.285,0.389,0.493,0.883,109,,15,1,2,1,,,,,,
Austin Wilson,2013,21,0.6,Stanford,P12,NCAA,,31,137,118,26,34,7,0,5,26,5,2,13,18,0.288,0.387,0.475,0.861,56,,6,0,0,1,,,,,,
Jacob Hannemann,2013,22,1.5,Brigham Young,WCC,NCAA,,51,245,215,53,74,16,7,5,29,14,1,24,37,0.344,0.415,0.553,0.968,119,,2,4,0,4,,,,,,
Stuart Turner,2013,21,0.6,Mississippi,SEC,NCAA,,62,266,222,44,83,15,1,5,51,2,4,28,37,0.374,0.444,0.518,0.962,115,,7,0,9,6,,,,,,
JaCoby Jones,2011,19,-1.6,Louisiana State,SEC,NCAA,,56,219,195,36,66,11,1,4,32,13,8,12,37,0.338,0.395,0.467,0.862,91,,7,4,1,,,,,,,
JaCoby Jones,2012,20,-0.4,Louisiana State,SEC,NCAA,,64,271,246,42,62,13,1,4,29,11,5,15,48,0.252,0.307,0.362,0.669,89,,5,4,1,2,,,,,,
JaCoby Jones,2013,21,0.6,Louisiana State,SEC,NCAA,,59,236,201,42,59,11,1,6,31,12,3,30,44,0.294,0.39,0.448,0.838,90,,3,0,2,3,,,,,,
Daniel Palka,2011,19,-1.4,Georgia Tech,ACC,NCAA,,63,265,232,41,69,18,3,12,52,3,0,21,71,0.297,0.375,0.556,0.931,129,,9,1,2,,,,,,,
Daniel Palka,2012,20,-0.4,Georgia Tech,ACC,NCAA,,64,274,238,44,72,19,2,12,47,6,1,17,50,0.303,0.38,0.55,0.93,131,,15,0,4,4,,,,,,
Daniel Palka,2013,21,0.5,Georgia Tech,ACC,NCAA,,62,280,237,55,81,13,3,17,66,6,0,31,60,0.342,0.436,0.637,1.073,151,,10,0,2,4,,,,,,
Jacob May,2011,19,-1.8,Coastal Carolina,BigS,NCAA,,44,167,141,21,29,6,3,0,13,5,0,12,24,0.206,0.285,0.291,0.576,41,,4,9,1,,,,,,,
Jacob May,2012,20,-0.4,Coastal Carolina,BigS,NCAA,,53,254,209,43,64,7,4,2,18,27,5,26,26,0.306,0.391,0.407,0.798,85,,5,11,3,0,,,,,,
Jacob May,2013,21,0.7,Coastal Carolina,BigS,NCAA,,59,267,216,42,70,12,2,7,31,16,10,22,26,0.324,0.417,0.495,0.912,107,,13,15,1,2,,,,,,
Brandon Dixon,2011,19,-1.4,Arizona,P10,NCAA,,13,13,10,1,2,0,0,0,1,0,0,2,6,0.2,0.333,0.2,0.533,2,,0,1,0,,,,,,,
Brandon Dixon,2012,20,-0.5,Arizona,P12,NCAA,,62,186,155,30,38,9,0,1,14,8,4,12,34,0.245,0.326,0.323,0.648,50,,7,11,1,0,,,,,,
Brandon Dixon,2013,21,0.6,Arizona,P12,NCAA,,55,257,214,57,79,13,5,6,51,30,7,21,35,0.369,0.443,0.561,1.003,120,,12,4,6,6,,,,,,
Ryon Healy,2011,19,-1.4,Oregon,P10,NCAA,,40,136,122,20,39,10,1,4,20,2,2,9,21,0.32,0.373,0.516,0.89,63,,2,2,1,,,,,,,
Ryon Healy,2012,20,-0.5,Oregon,P12,NCAA,,65,287,253,35,79,13,1,4,42,4,2,23,45,0.312,0.378,0.419,0.797,106,,5,4,2,4,,,,,,
Ryon Healy,2013,21,0.6,Oregon,P12,NCAA,,59,260,228,44,76,20,0,11,56,5,3,28,24,0.333,0.408,0.566,0.973,129,,2,0,2,6,,,,,,
Michael O'Neill,2011,19,-1.6,Michigan,BTen,NCAA,,54,240,218,30,67,8,2,2,29,29,8,13,46,0.307,0.356,0.39,0.746,85,,5,1,3,,,,,,,
Michael O'Neill,2012,20,-0.4,Michigan,BTen,NCAA,,41,182,162,31,53,12,1,6,31,19,5,9,22,0.327,0.381,0.525,0.906,85,,7,1,3,3,,,,,,
Michael O'Neill,2013,21,0.4,Michigan,BTen,NCAA,,56,260,239,46,85,17,1,5,37,23,4,11,40,0.356,0.396,0.498,0.894,119,,7,0,3,3,,,,,,
Conrad Gregor,2011,19,-1.6,Vanderbilt,SEC,NCAA,,58,209,170,33,60,11,0,3,32,2,1,32,30,0.353,0.456,0.471,0.927,80,,2,3,2,,,,,,,
Conrad Gregor,2012,20,-0.4,Vanderbilt,SEC,NCAA,,63,279,229,37,75,20,1,3,35,10,0,41,41,0.328,0.439,0.463,0.902,106,,6,1,2,4,,,,,,
Conrad Gregor,2013,21,0.6,Vanderbilt,SEC,NCAA,,65,299,227,47,70,14,0,3,48,21,3,54,29,0.308,0.44,0.41,0.849,93,,7,1,10,7,,,,,,
Jordan Patterson,2011,19,-2,South Alabama,SBC,NCAA,,57,257,211,38,60,11,1,4,32,4,2,23,42,0.284,0.391,0.403,0.794,85,,16,4,3,,,,,,,
Jordan Patterson,2012,20,-0.6,South Alabama,SBC,NCAA,,57,261,217,41,70,15,1,8,44,2,1,23,45,0.323,0.426,0.512,0.938,111,,17,3,1,0,,,,,,
Jordan Patterson,2013,21,0.1,South Alabama,SBC,NCAA,,63,297,233,69,82,25,1,4,49,4,2,41,35,0.352,0.485,0.519,1.004,121,,21,0,2,6,,,,,,
Zane Evans,2011,19,-1.4,Georgia Tech,ACC,NCAA,,58,254,226,34,61,14,0,5,46,2,0,20,53,0.27,0.327,0.398,0.725,90,,0,6,2,,,,,,,
Zane Evans,2012,20,-0.4,Georgia Tech,ACC,NCAA,,60,251,224,34,66,17,1,4,51,1,0,24,45,0.295,0.363,0.433,0.796,97,,1,0,2,0,,,,,,
Zane Evans,2013,21,0.5,Georgia Tech,ACC,NCAA,,64,284,244,47,88,12,1,14,66,0,1,33,40,0.361,0.43,0.59,1.02,144,,1,0,6,5,,,,,,
L.J. Mazzilli,2011,20,-0.6,Connecticut,BigE,NCAA,,65,304,275,48,93,23,5,3,32,11,10,21,28,0.338,0.392,0.491,0.883,135,,4,3,1,,,,,,,
L.J. Mazzilli,2012,21,0.5,Connecticut,BigE,NCAA,,58,267,239,43,81,19,2,9,38,16,5,22,30,0.339,0.404,0.548,0.953,131,,5,0,1,3,,,,,,
L.J. Mazzilli,2013,22,1.4,Connecticut,BigE,NCAA,,63,299,260,50,92,16,4,6,52,29,4,28,26,0.354,0.408,0.515,0.923,134,,2,0,9,8,,,,,,
Mason Katz,2011,20,-0.6,Louisiana State,SEC,NCAA,,51,209,190,40,64,21,2,4,53,6,4,9,34,0.337,0.371,0.532,0.902,101,,3,4,3,,,,,,,
Mason Katz,2012,21,0.6,Louisiana State,SEC,NCAA,,64,285,241,65,77,15,1,13,52,8,4,33,52,0.32,0.414,0.552,0.966,133,,8,0,3,0,,,,,,
Mason Katz,2013,22,1.6,Louisiana State,SEC,NCAA,,68,293,243,53,90,14,2,16,70,5,7,41,38,0.37,0.464,0.642,1.106,156,,5,0,4,0,,,,,,
Brian Ragira,2011,19,-1.4,Stanford,P10,NCAA,,56,236,213,31,70,7,5,4,46,2,2,14,47,0.329,0.37,0.465,0.835,99,,3,1,5,,,,,,,
Brian Ragira,2012,20,-0.5,Stanford,P12,NCAA,,59,278,252,41,82,15,0,5,50,3,2,18,47,0.325,0.381,0.444,0.826,112,,6,0,2,1,,,,,,
Brian Ragira,2013,21,0.6,Stanford,P12,NCAA,,54,251,221,35,71,10,1,8,42,4,1,15,24,0.321,0.378,0.484,0.863,107,,9,0,6,1,,,,,,
Tony Kemp,2011,19,-1.6,Vanderbilt,SEC,NCAA,,65,310,252,58,83,8,7,0,34,17,5,37,32,0.329,0.434,0.417,0.851,105,,12,6,3,,,,,,,
Tony Kemp,2012,20,-0.4,Vanderbilt,SEC,NCAA,,63,297,241,55,63,11,8,1,31,21,4,39,42,0.261,0.392,0.386,0.778,93,,13,4,0,0,,,,,,
Tony Kemp,2013,21,0.6,Vanderbilt,SEC,NCAA,,66,317,266,64,104,13,6,0,33,34,14,35,32,0.391,0.471,0.485,0.956,129,,9,3,4,3,,,,,,
Chad Wallach,2011,19,-1.8,CS Fullerton,BigW,NCAA,,20,32,27,2,6,0,0,0,3,0,1,4,5,0.222,0.344,0.222,0.566,6,,1,0,0,,,,,,,
Chad Wallach,2012,20,-0.3,CS Fullerton,BigW,NCAA,,32,79,68,7,14,4,0,0,7,1,0,6,12,0.206,0.282,0.265,0.547,18,,2,1,2,0,,,,,,
Chad Wallach,2013,21,0.5,CS Fullerton,BigW,NCAA,,50,194,162,24,50,14,1,2,32,2,2,15,17,0.309,0.395,0.444,0.839,72,,10,4,3,0,,,,,,
Jared King,2011,19,-1.8,Kansas State,B12,NCAA,,50,204,176,34,54,12,2,8,40,13,3,15,32,0.307,0.365,0.534,0.9,94,,3,7,3,,,,,,,
Jared King,2012,20,-0.9,Kansas State,B12,NCAA,,56,258,220,49,82,15,4,7,47,16,4,31,29,0.373,0.449,0.573,1.022,126,,2,2,3,4,,,,,,
Jared King,2013,21,0.2,Kansas State,B12,NCAA,,59,270,218,52,73,16,2,7,53,14,5,34,22,0.335,0.439,0.523,0.962,114,,11,1,6,4,,,,,,
Jack Reinheimer,2011,18,-2.7,East Carolina,CUSA,NCAA,,59,249,212,33,66,4,0,0,23,3,1,24,30,0.311,0.383,0.33,0.713,70,,3,6,4,,,,,,,
Jack Reinheimer,2012,19,-1.8,East Carolina,CUSA,NCAA,,61,269,238,36,70,11,1,2,22,9,1,14,29,0.294,0.342,0.374,0.716,89,,5,9,3,1,,,,,,
Jack Reinheimer,2013,20,-0.5,East Carolina,CUSA,NCAA,,56,263,221,32,60,9,0,2,21,10,3,29,43,0.271,0.356,0.339,0.695,75,,1,10,2,0,,,,,,
Johnny Field,2011,19,-1.4,Arizona,P10,NCAA,,52,203,175,35,52,15,5,3,32,4,2,17,22,0.297,0.368,0.491,0.86,86,,5,2,4,,,,,,,
Johnny Field,2012,20,-0.5,Arizona,P12,NCAA,,65,321,257,72,95,18,7,3,44,11,8,43,28,0.37,0.476,0.529,1.005,136,,11,8,2,2,,,,,,
Johnny Field,2013,21,0.6,Arizona,P12,NCAA,,55,263,222,58,77,11,7,5,39,16,5,25,22,0.347,0.424,0.527,0.951,117,,7,6,3,4,,,,,,
Joe Jackson,2011,19,-1.4,Citadel,SoCo,NCAA,,54,194,169,25,51,8,2,0,23,4,1,20,19,0.302,0.372,0.373,0.745,63,,0,3,2,,,,,,,
Joe Jackson,2012,20,-0.5,Citadel,SoCo,NCAA,,58,258,229,35,64,15,4,1,26,4,0,22,37,0.279,0.344,0.393,0.737,90,,2,2,3,0,,,,,,
Joe Jackson,2013,21,0.5,Citadel,SoCo,NCAA,,60,287,228,66,88,19,2,13,67,3,5,43,29,0.386,0.495,0.658,1.153,150,,10,2,4,3,,,,,,
Mikey Reynolds,2012,21,0.1,Texas A&M,B12,NCAA,,58,262,216,55,66,12,3,1,23,21,2,31,31,0.306,0.417,0.403,0.82,87,,11,3,1,1,,,,,,
Mikey Reynolds,2013,22,1.6,Texas A&M,SEC,NCAA,,59,253,218,40,74,14,1,1,25,18,6,21,23,0.339,0.408,0.427,0.835,93,,7,3,4,2,,,,,,
Adam Frazier,2011,19,-1.6,Mississippi State,SEC,NCAA,,38,101,95,10,26,0,0,0,13,4,1,3,14,0.274,0.293,0.274,0.567,26,,0,2,1,,,,,,,
Adam Frazier,2012,20,-0.4,Mississippi State,SEC,NCAA,,64,306,245,45,91,16,1,0,26,9,6,50,24,0.371,0.482,0.445,0.927,109,,4,5,2,4,,,,,,
Adam Frazier,2013,21,0.6,Mississippi State,SEC,NCAA,,71,337,304,62,107,20,7,0,38,9,4,23,26,0.352,0.398,0.464,0.861,141,,2,5,3,0,,,,,,
Jason Monda,2011,19,-1.4,Washington State,P10,NCAA,,38,157,134,16,39,9,2,2,20,2,2,9,33,0.291,0.359,0.433,0.792,58,,7,4,3,,,,,,,
Jason Monda,2012,20,-0.5,Washington State,P12,NCAA,,53,227,193,27,53,10,2,1,18,6,2,13,29,0.275,0.369,0.363,0.732,70,,17,2,2,3,,,,,,
Jason Monda,2013,21,0.6,Washington State,P12,NCAA,,55,243,211,30,62,6,0,7,40,6,3,5,44,0.294,0.346,0.422,0.768,89,,15,6,6,0,,,,,,
Jason Monda,2014,22,1.5,Washington State,P12,NCAA,,33,57,51,2,7,1,0,0,4,0,0,2,13,0.137,0.214,0.157,0.371,8,,3,1,0,0,,,,,,
Garrett Cooper,2012,21,0.6,Auburn,SEC,NCAA,,49,208,173,35,56,9,0,5,31,1,0,17,30,0.324,0.42,0.462,0.882,80,,13,3,2,0,,,,,,
Garrett Cooper,2013,22,1.6,Auburn,SEC,NCAA,,56,238,189,31,67,12,1,7,37,1,0,37,30,0.354,0.481,0.54,1.021,102,,10,1,1,2,,,,,,
James Ramsay,2011,19,-1.6,South Florida,BigE,NCAA,,51,206,180,20,45,7,3,3,22,5,2,16,43,0.25,0.308,0.372,0.681,67,,1,5,4,,,,,,,
James Ramsay,2012,20,-0.5,South Florida,BigE,NCAA,,60,269,238,33,78,9,0,2,32,14,5,25,25,0.328,0.39,0.391,0.781,93,,2,0,4,3,,,,,,
James Ramsay,2013,21,0.4,South Florida,BigE,NCAA,,57,279,243,37,82,14,2,3,43,12,6,29,21,0.337,0.409,0.449,0.858,109,,2,3,2,5,,,,,,
Matt Oberste,2012,20,-0.9,Oklahoma,B12,NCAA,,42,152,125,28,39,10,0,6,22,6,1,13,26,0.312,0.413,0.536,0.949,67,,10,2,2,0,,,,,,
Matt Oberste,2013,21,0.2,Oklahoma,B12,NCAA,,64,291,241,53,90,19,4,11,60,13,5,26,33,0.373,0.458,0.622,1.081,150,,16,3,5,8,,,,,,
Brandon Trinkwon,2011,19,-1.8,UC Santa Barbara,BigW,NCAA,,29,96,79,15,20,3,0,1,6,0,0,8,13,0.253,0.318,0.329,0.647,26,,0,8,1,,,,,,,
Brandon Trinkwon,2012,20,-0.3,UC Santa Barbara,BigW,NCAA,,56,248,202,42,70,17,3,2,32,7,3,40,24,0.347,0.46,0.49,0.95,99,,4,0,2,4,,,,,,
Brandon Trinkwon,2013,21,0.5,UC Santa Barbara,BigW,NCAA,,60,273,232,40,65,8,2,4,37,10,2,30,28,0.28,0.367,0.384,0.751,89,,3,6,2,2,,,,,,
Connor Harrell,2011,20,-0.6,Vanderbilt,SEC,NCAA,,64,228,197,35,57,12,1,9,36,7,0,14,45,0.289,0.355,0.497,0.852,98,,7,8,2,,,,,,,
Connor Harrell,2012,21,0.6,Vanderbilt,SEC,NCAA,,57,222,187,28,45,11,2,7,26,4,2,21,57,0.241,0.353,0.433,0.786,81,,12,1,1,0,,,,,,
Connor Harrell,2013,22,1.6,Vanderbilt,SEC,NCAA,,66,301,247,60,77,12,3,12,67,9,2,32,62,0.312,0.418,0.53,0.948,131,,16,2,4,1,,,,,,
Ty Young,2011,18,-2.6,Louisville,BigE,NCAA,,52,165,139,22,29,8,2,0,16,6,4,21,43,0.209,0.327,0.295,0.622,41,,4,0,1,,,,,,,
Ty Young,2012,19,-1.5,Louisville,BigE,NCAA,,57,229,180,42,62,9,4,6,42,15,4,23,35,0.344,0.467,0.539,1.006,97,,21,2,3,1,,,,,,
Ty Young,2013,20,-0.6,Louisville,BigE,NCAA,,65,287,236,54,79,13,7,4,58,26,5,23,35,0.335,0.418,0.5,0.918,118,,18,0,10,3,,,,,,
Drew Dosch,2011,19,-1.6,Youngstown State,Horz,NCAA,,42,171,145,15,38,1,0,0,11,5,2,14,17,0.262,0.323,0.269,0.592,39,,0,10,2,,,,,,,
Drew Dosch,2012,20,-0.3,Youngstown State,Horz,NCAA,,55,258,224,36,79,13,1,8,42,5,2,23,21,0.353,0.408,0.527,0.935,118,,2,3,6,0,,,,,,
Drew Dosch,2013,21,0.5,Youngstown State,Horz,NCAA,,54,246,201,40,68,15,3,3,30,3,3,36,25,0.338,0.434,0.488,0.922,98,,2,2,5,10,,,,,,
Brandon Bednar,2011,19,-1.6,Florida Gulf Coast,ASun,NCAA,,53,241,199,38,57,5,2,0,23,2,0,15,32,0.286,0.345,0.332,0.677,66,,4,21,2,,,,,,,
Brandon Bednar,2012,20,-0.4,Florida Gulf Coast,ASun,NCAA,,57,257,216,29,66,5,1,1,33,2,2,28,36,0.306,0.389,0.352,0.741,76,,4,5,4,0,,,,,,
Brandon Bednar,2013,21,0.7,Florida Gulf Coast,ASun,NCAA,,57,277,247,52,83,16,3,1,46,7,3,15,23,0.336,0.394,0.437,0.831,108,,10,3,2,0,,,,,,
Jimmy Yezzo,2011,19,-1.4,Delaware,CAA,NCAA,,29,76,70,7,14,3,0,2,12,0,0,5,16,0.2,0.263,0.329,0.592,23,,1,0,0,,,,,,,
Jimmy Yezzo,2012,20,-0.4,Delaware,CAA,NCAA,,50,207,187,38,67,13,1,8,46,0,0,16,22,0.358,0.401,0.567,0.968,106,,0,0,4,3,,,,,,
Jimmy Yezzo,2013,21,0.6,Delaware,CAA,NCAA,,55,256,234,52,96,28,2,13,64,1,0,20,30,0.41,0.453,0.714,1.167,167,,0,0,2,3,,,,,,
Forrestt Allday,2012,21,0.6,Central Arkansas,SLC,NCAA,,55,257,188,49,61,8,4,1,34,7,5,57,25,0.324,0.486,0.426,0.911,80,,3,8,1,1,,,,,,
Forrestt Allday,2013,22,1.3,Central Arkansas,SLC,NCAA,,64,317,233,59,85,14,1,3,36,15,3,53,23,0.365,0.503,0.472,0.975,110,,15,13,3,8,,,,,,
Tyler Smith,2011,19,-1.4,Oregon State,P10,NCAA,,55,146,113,18,25,4,0,0,11,4,0,27,23,0.221,0.378,0.257,0.634,29,,2,3,1,,,,,,,
Tyler Smith,2012,20,-0.5,Oregon State,P12,NCAA,,58,268,213,46,73,11,2,1,39,9,2,30,31,0.343,0.434,0.427,0.861,91,,6,17,2,0,,,,,,
Tyler Smith,2013,21,0.6,Oregon State,P12,NCAA,,56,260,224,48,69,10,2,2,28,8,2,24,35,0.308,0.39,0.397,0.787,89,,6,6,0,1,,,,,,
Kyle Farmer,2011,20,-0.6,Georgia,SEC,NCAA,,65,287,253,39,78,16,0,8,58,3,1,19,33,0.308,0.364,0.466,0.83,118,,7,1,7,,,,,,,
Kyle Farmer,2012,21,0.6,Georgia,SEC,NCAA,,56,262,245,35,74,19,3,4,41,3,0,8,26,0.302,0.337,0.453,0.79,111,,6,1,2,0,,,,,,
Kyle Farmer,2013,22,1.6,Georgia,SEC,NCAA,,52,237,210,26,61,12,2,3,44,0,2,12,12,0.29,0.315,0.41,0.724,86,,1,2,12,1,,,,,,
Trey Mancini,2011,19,-1.6,Notre Dame,BigE,NCAA,,53,214,189,33,61,15,3,9,34,4,3,19,37,0.323,0.385,0.577,0.962,109,,2,1,3,,,,,,,
Trey Mancini,2012,20,-0.5,Notre Dame,BigE,NCAA,,54,233,202,47,63,10,0,12,45,3,4,22,37,0.312,0.391,0.54,0.93,109,,6,0,3,4,,,,,,
Trey Mancini,2013,21,0.4,Notre Dame,BigE,NCAA,,57,260,229,29,89,14,7,7,54,3,0,21,23,0.389,0.431,0.603,1.033,138,,2,0,8,4,,,,,,
Tyler Marincov,2011,19,-1.6,North Florida,ASun,NCAA,,32,129,113,23,31,4,1,5,25,5,0,6,29,0.274,0.331,0.46,0.791,52,,5,2,3,,,,,,,
Tyler Marincov,2012,20,-0.4,North Florida,ASun,NCAA,,55,237,205,41,68,10,3,9,40,9,2,22,35,0.332,0.409,0.541,0.951,111,,7,0,3,2,,,,,,
Tyler Marincov,2013,21,0.7,North Florida,ASun,NCAA,,59,286,245,64,81,19,7,8,54,21,2,34,28,0.331,0.42,0.563,0.983,138,,5,0,2,2,,,,,,
Tyler Horan,2011,20,-0.4,Virginia Tech,ACC,NCAA,,28,53,48,12,19,7,1,3,12,3,1,2,11,0.396,0.434,0.771,1.205,37,,2,0,1,,,,,,,
Tyler Horan,2012,21,0.6,Virginia Tech,ACC,NCAA,,54,232,188,45,53,8,2,15,41,7,2,27,46,0.282,0.4,0.585,0.985,110,,12,2,3,4,,,,,,
Tyler Horan,2013,22,1.5,Virginia Tech,ACC,NCAA,,61,276,252,57,86,25,4,11,50,4,3,18,38,0.341,0.391,0.603,0.994,152,,4,0,2,1,,,,,,
Kyle Wren,2011,20,-0.4,Georgia Tech,ACC,NCAA,,63,304,265,57,90,11,7,1,32,16,7,30,32,0.34,0.412,0.445,0.857,118,,4,3,2,,,,,,,
Kyle Wren,2012,21,0.6,Georgia Tech,ACC,NCAA,,62,302,258,56,66,10,6,2,22,16,7,33,30,0.256,0.346,0.364,0.71,94,,3,7,1,0,,,,,,
Kyle Wren,2013,22,1.5,Georgia Tech,ACC,NCAA,,64,307,272,50,98,11,6,2,28,28,13,29,36,0.36,0.423,0.467,0.89,127,,2,2,2,0,,,,,,
Brandon Thomas,2011,20,-0.4,Georgia Tech,ACC,NCAA,,63,253,205,29,63,12,2,3,29,19,3,36,42,0.307,0.417,0.429,0.846,88,,4,6,2,,,,,,,
Brandon Thomas,2012,21,0.6,Georgia Tech,ACC,NCAA,,56,265,211,57,76,15,5,5,44,12,5,37,43,0.36,0.481,0.55,1.031,116,,13,3,1,1,,,,,,
Brandon Thomas,2013,22,1.5,Georgia Tech,ACC,NCAA,,53,247,209,49,67,15,4,1,30,9,2,30,40,0.321,0.406,0.445,0.851,93,,2,3,3,1,,,,,,
Pat Valaika,2011,18,-2.4,UCLA,P10,NCAA,,53,186,160,21,38,10,0,1,20,2,4,11,26,0.238,0.318,0.319,0.637,51,,8,7,0,,,,,,,
Pat Valaika,2012,19,-1.5,UCLA,P12,NCAA,,61,260,229,37,61,11,4,1,39,5,1,17,32,0.266,0.319,0.362,0.681,83,,2,9,3,1,,,,,,
Pat Valaika,2013,20,-0.4,UCLA,P12,NCAA,,66,298,249,32,63,14,3,5,48,8,3,33,44,0.253,0.347,0.394,0.741,98,,6,4,6,5,,,,,,
Mitch Garver,2011,20,-0.6,New Mexico,MWC,NCAA,,61,268,230,38,69,13,2,2,27,2,4,28,27,0.3,0.38,0.4,0.78,92,,3,5,2,,,,,,,
Mitch Garver,2012,21,0.8,New Mexico,MWC,NCAA,,61,298,268,68,101,27,3,10,57,6,3,25,28,0.377,0.438,0.612,1.05,164,,4,1,0,1,,,,,,
Mitch Garver,2013,22,1.5,New Mexico,MWC,NCAA,,59,285,246,55,96,21,5,6,68,12,3,28,35,0.39,0.458,0.589,1.047,145,,6,1,4,1,,,,,,
Daniel Rockett,2011,20,-0.8,Texas-San Antonio,SLC,NCAA,,58,255,224,49,68,9,2,6,34,6,4,19,48,0.304,0.364,0.442,0.806,99,,4,5,3,,,,,,,
Daniel Rockett,2012,21,0.6,Texas-San Antonio,SLC,NCAA,,53,234,203,30,54,8,2,5,40,13,3,15,40,0.266,0.335,0.399,0.734,81,,7,7,2,0,,,,,,
Daniel Rockett,2013,22,1.3,Texas-San Antonio,WAC,NCAA,,48,233,201,39,66,13,2,10,48,6,2,21,46,0.328,0.403,0.562,0.965,113,,6,2,3,2,,,,,,
Patrick Biondi,2011,20,-0.6,Michigan,BTen,NCAA,,54,250,217,36,62,7,1,0,21,27,5,25,26,0.286,0.366,0.327,0.693,71,,3,4,1,,,,,,,
Patrick Biondi,2012,21,0.6,Michigan,BTen,NCAA,,56,267,221,44,67,11,3,2,17,32,12,30,28,0.303,0.408,0.407,0.816,90,,10,5,1,1,,,,,,
Patrick Biondi,2013,22,1.4,Michigan,BTen,NCAA,,50,199,165,40,51,9,0,1,16,15,4,20,21,0.309,0.399,0.382,0.781,63,,6,6,2,0,,,,,,
Grant Nelson,2012,20,-0.4,St. Louis,A10,NCAA,,59,248,210,35,66,14,2,2,33,2,0,29,46,0.314,0.409,0.429,0.837,90,,6,1,2,0,,,,,,
Grant Nelson,2013,21,0.7,St. Louis,A10,NCAA,,60,268,228,45,77,8,3,5,32,4,2,37,56,0.338,0.433,0.465,0.898,106,,2,0,1,1,,,,,,
Stephen McGee,2011,20,-0.4,Florida State,ACC,NCAA,,10,12,9,1,1,1,0,0,2,0,0,2,3,0.111,0.333,0.222,0.556,2,,1,0,0,,,,,,,
Stephen McGee,2012,21,0.6,Florida State,ACC,NCAA,,67,293,205,35,47,9,0,0,41,2,4,61,32,0.229,0.428,0.273,0.701,56,,16,3,8,2,,,,,,
Stephen McGee,2013,22,1.5,Florida State,ACC,NCAA,,64,278,206,50,59,16,1,9,52,4,0,55,37,0.286,0.449,0.505,0.954,104,,10,2,5,3,,,,,,
Mike Tauchman,2011,20,-0.6,Bradley,MVC,NCAA,,50,218,172,26,59,7,2,0,32,16,4,37,22,0.343,0.463,0.407,0.87,70,,4,2,3,,,,,,,
Mike Tauchman,2012,21,0.4,Bradley,MVC,NCAA,,43,198,164,27,50,11,1,1,23,5,4,21,28,0.305,0.398,0.402,0.8,66,,5,7,1,0,,,,,,
Mike Tauchman,2013,22,1.3,Bradley,MVC,NCAA,,49,230,186,52,79,15,5,2,41,28,2,27,24,0.425,0.513,0.591,1.105,110,,10,4,3,2,,,,,,
Ross Kivett,2011,19,-1.8,Kansas State,B12,NCAA,,48,182,156,29,49,4,1,0,19,8,5,11,21,0.314,0.376,0.353,0.728,55,,5,9,1,,,,,,,
Ross Kivett,2012,20,-0.9,Kansas State,B12,NCAA,,58,276,223,46,64,10,5,0,28,25,4,34,26,0.287,0.398,0.377,0.775,84,,8,10,1,0,,,,,,
Ross Kivett,2013,21,0.2,Kansas State,B12,NCAA,,64,306,261,57,94,15,4,3,39,26,10,29,28,0.36,0.44,0.483,0.923,126,,10,4,2,1,,,,,,
Ross Kivett,2014,22,1.2,Kansas State,B12,NCAA,,55,259,210,49,70,13,1,4,33,21,1,35,25,0.333,0.443,0.462,0.905,97,,8,4,2,2,,,,,,
Carlos Lopez,2011,21,0.6,Wake Forest,ACC,NCAA,,51,211,178,24,48,11,1,11,34,3,1,22,54,0.27,0.355,0.528,0.884,94,,5,0,6,,,,,,,
Carlos Lopez,2012,22,1.6,Wake Forest,ACC,NCAA,,57,250,201,38,59,17,0,10,51,2,1,36,36,0.294,0.412,0.527,0.939,106,,8,0,5,2,,,,,,
Michael Ratterree,2011,20,-0.7,Rice,CUSA,NCAA,,63,292,260,46,85,20,1,6,53,6,2,22,44,0.327,0.388,0.481,0.868,125,,5,3,2,,,,,,,
Michael Ratterree,2012,21,0.2,Rice,CUSA,NCAA,,56,244,189,39,44,13,1,6,32,6,2,42,39,0.233,0.378,0.407,0.786,77,,4,6,3,1,,,,,,
Michael Ratterree,2013,22,1.5,Rice,CUSA,NCAA,,64,285,226,48,59,10,0,9,41,13,3,44,44,0.261,0.381,0.425,0.806,96,,4,4,7,4,,,,,,
Kasey Coffman,2011,19,-1.4,Arizona State,P10,NCAA,,3,3,3,0,1,0,0,0,1,0,0,0,2,0.333,0.333,0.333,0.667,1,,0,0,0,,,,,,,
Kasey Coffman,2012,20,-0.5,Arizona State,P12,NCAA,,43,161,128,25,30,5,0,0,9,11,4,17,23,0.234,0.38,0.273,0.653,35,,13,3,0,0,,,,,,
Kasey Coffman,2013,21,0.6,Arizona State,P12,NCAA,,59,280,232,57,77,13,5,8,44,9,6,30,28,0.332,0.43,0.534,0.965,124,,13,1,4,2,,,,,,
Austin Wynns,2011,20,-0.6,Fresno State,WAC,NCAA,,56,214,175,41,57,9,0,2,21,0,2,24,22,0.326,0.416,0.411,0.827,72,,3,12,0,,,,,,,
Austin Wynns,2012,21,0.7,Fresno State,WAC,NCAA,,58,230,194,35,55,22,0,0,30,1,0,20,25,0.284,0.352,0.397,0.749,77,,2,11,3,0,,,,,,
Austin Wynns,2013,22,1.5,Fresno State,MWC,NCAA,,53,205,172,31,48,10,2,3,24,1,0,21,24,0.279,0.362,0.413,0.775,71,,2,9,1,0,,,,,,
Brennan Middleton,2011,20,-0.7,Tulane,CUSA,NCAA,,52,159,134,19,34,6,1,1,14,4,1,16,17,0.254,0.346,0.336,0.682,45,,3,6,0,,,,,,,
Brennan Middleton,2012,21,0.2,Tulane,CUSA,NCAA,,57,231,196,45,70,10,2,0,19,14,3,17,32,0.357,0.418,0.429,0.847,84,,5,11,2,0,,,,,,
Brennan Middleton,2013,22,1.5,Tulane,CUSA,NCAA,,56,259,220,35,65,8,1,0,13,9,4,13,33,0.295,0.372,0.341,0.713,75,,15,9,2,0,,,,,,
Michael Conforto,2012,19,-1.5,Oregon State,P12,NCAA,,58,258,218,45,76,14,1,13,76,1,1,24,37,0.349,0.436,0.601,1.037,131,,12,1,3,5,,,,,,
Michael Conforto,2013,20,-0.4,Oregon State,P12,NCAA,,65,304,247,48,81,14,1,11,47,6,5,41,47,0.328,0.447,0.526,0.974,130,,14,0,2,6,,,,,,
Michael Conforto,2014,21,0.5,Oregon State,P12,NCAA,,59,272,203,52,70,16,2,7,56,4,4,55,38,0.345,0.504,0.547,1.05,111,,12,0,2,9,,,,,,
Max Pentecost,2012,19,-1.4,Kennesaw,ASun,NCAA,,56,220,191,23,53,16,3,0,22,4,0,21,32,0.277,0.364,0.393,0.756,75,,6,0,2,1,,,,,,
Max Pentecost,2013,20,-0.3,Kennesaw,ASun,NCAA,,57,245,212,36,64,14,0,3,30,4,0,22,27,0.302,0.374,0.41,0.785,87,,5,2,4,0,,,,,,
Max Pentecost,2014,21,0.3,Kennesaw,ASun,NCAA,,64,306,268,59,113,24,2,9,61,17,3,30,26,0.422,0.482,0.627,1.109,168,,4,1,3,9,,,,,,
Trea Turner,2012,19,-1.4,NC State,ACC,NCAA,,63,315,259,72,87,13,2,5,43,57,4,41,38,0.336,0.432,0.459,0.891,119,,5,7,3,0,,,,,,
Trea Turner,2013,20,-0.5,NC State,ACC,NCAA,,56,276,228,66,84,13,4,7,42,30,6,38,31,0.368,0.455,0.553,1.007,126,,3,1,6,5,,,,,,
Trea Turner,2014,21,0.5,NC State,ACC,NCAA,,54,257,215,65,69,12,3,8,36,26,4,37,25,0.321,0.418,0.516,0.934,111,,1,1,3,5,,,,,,
Casey Gillaspie,2012,19,-1.6,Wichita State,MVC,NCAA,,59,254,215,29,59,10,1,8,32,1,0,34,43,0.274,0.378,0.442,0.82,95,,3,0,2,1,,,,,,
Casey Gillaspie,2013,20,-0.7,Wichita State,MVC,NCAA,,66,302,234,49,70,16,1,11,46,5,3,62,35,0.299,0.447,0.517,0.964,121,,3,0,3,3,,,,,,
Casey Gillaspie,2014,21,0.2,Wichita State,MVC,NCAA,,58,267,208,49,82,15,1,15,50,8,0,57,26,0.394,0.524,0.692,1.217,144,,1,0,1,14,,,,,,
Bradley Zimmer,2012,19,-1.4,San Francisco,WCC,NCAA,,57,169,152,17,37,9,1,0,15,3,0,4,30,0.243,0.276,0.316,0.592,48,,4,6,3,0,,,,,,
Bradley Zimmer,2013,20,-0.5,San Francisco,WCC,NCAA,,58,253,203,48,65,12,3,7,37,19,8,29,31,0.32,0.437,0.512,0.949,104,,16,1,4,8,,,,,,
Bradley Zimmer,2014,21,0.6,San Francisco,WCC,NCAA,,54,258,220,42,81,10,7,7,31,21,11,31,34,0.368,0.461,0.573,1.034,126,,7,0,0,14,,,,,,
Matt Chapman,2012,19,-1.3,CS Fullerton,BigW,NCAA,,53,213,189,25,54,10,0,2,23,1,3,12,29,0.286,0.34,0.37,0.71,70,,4,7,1,0,,,,,,
Matt Chapman,2013,20,-0.5,CS Fullerton,BigW,NCAA,,55,238,186,41,53,11,3,5,37,6,2,34,29,0.285,0.415,0.457,0.872,85,,10,4,4,0,,,,,,
Matt Chapman,2014,21,0,CS Fullerton,BigW,NCAA,,54,251,205,37,64,16,2,6,48,6,2,27,26,0.312,0.412,0.498,0.91,102,,12,1,6,3,,,,,,
AJ Reed,2012,19,-1.4,Kentucky,SEC,NCAA,,59,230,201,29,60,9,0,4,43,0,0,24,51,0.299,0.378,0.403,0.781,81,,3,0,2,0,,,,,,
AJ Reed,2013,20,-0.4,Kentucky,SEC,NCAA,,55,251,214,30,60,8,2,13,52,1,1,26,41,0.28,0.378,0.519,0.897,111,,9,0,2,9,,,,,,
AJ Reed,2014,21,0.5,Kentucky,SEC,NCAA,,62,290,223,60,75,18,1,23,73,0,1,49,48,0.336,0.476,0.735,1.211,164,,14,0,4,15,,,,,,
Aramis Garcia,2012,19,-1.6,Florida International,SBC,NCAA,,55,216,192,24,52,8,1,6,29,1,3,19,43,0.271,0.344,0.417,0.761,80,,3,1,1,1,,,,,,
Aramis Garcia,2013,20,-0.9,Florida International,SBC,NCAA,,57,246,224,37,72,12,0,11,51,0,1,17,39,0.321,0.378,0.522,0.9,117,,4,0,1,2,,,,,,
Aramis Garcia,2014,21,0.4,Florida International,CUSA,NCAA,,45,199,163,34,60,14,2,8,37,4,1,25,23,0.368,0.442,0.626,1.068,102,,3,0,8,5,,,,,,
Taylor Sparks,2012,19,-1.3,UC Irvine,BigW,NCAA,,45,144,123,20,25,5,3,3,12,2,1,11,44,0.203,0.279,0.366,0.645,45,,2,8,0,0,,,,,,
Taylor Sparks,2013,20,-0.5,UC Irvine,BigW,NCAA,,55,239,222,38,80,11,4,10,50,7,3,6,40,0.36,0.388,0.581,0.969,129,,6,2,3,3,,,,,,
Taylor Sparks,2014,21,0,UC Irvine,BigW,NCAA,,66,297,253,45,78,17,9,5,37,8,8,27,70,0.308,0.389,0.506,0.894,128,,10,1,6,1,,,,,,
J.D. Davis,2012,19,-1.3,CS Fullerton,BigW,NCAA,,45,137,118,12,27,6,0,4,20,2,2,14,25,0.229,0.321,0.381,0.703,45,,3,0,2,0,,,,,,
J.D. Davis,2013,20,-0.5,CS Fullerton,BigW,NCAA,,60,250,211,40,67,11,1,4,50,1,1,31,37,0.318,0.407,0.436,0.843,92,,3,2,3,0,,,,,,
J.D. Davis,2014,21,0,CS Fullerton,BigW,NCAA,,58,272,237,34,80,16,5,6,43,7,0,32,53,0.338,0.419,0.523,0.942,124,,2,0,1,5,,,,,,
Brian Anderson,2012,19,-1.4,Arkansas,SEC,NCAA,,47,147,120,23,34,4,0,2,11,2,3,15,37,0.283,0.396,0.367,0.763,44,,8,3,1,0,,,,,,
Brian Anderson,2013,20,-0.4,Arkansas,SEC,NCAA,,59,259,209,47,68,12,5,4,36,6,1,41,33,0.325,0.448,0.488,0.936,102,,7,0,2,2,,,,,,
Brian Anderson,2014,21,0.5,Arkansas,SEC,NCAA,,65,287,241,39,79,14,3,7,51,9,2,20,40,0.328,0.401,0.498,0.899,120,,15,3,8,3,,,,,,
Mark Zagunis,2012,19,-1.4,Virginia Tech,ACC,NCAA,,49,222,189,35,65,13,2,5,34,17,5,21,25,0.344,0.43,0.513,0.943,97,,9,1,2,1,,,,,,
Mark Zagunis,2013,20,-0.5,Virginia Tech,ACC,NCAA,,61,272,227,62,78,14,3,9,51,19,5,32,28,0.344,0.438,0.551,0.988,125,,9,0,4,2,,,,,,
Mark Zagunis,2014,21,0.5,Virginia Tech,ACC,NCAA,,53,251,209,44,69,10,2,2,39,16,3,32,20,0.33,0.426,0.426,0.852,89,,6,0,4,5,,,,,,
Austin Cousino,2012,19,-1.4,Kentucky,SEC,NCAA,,62,303,260,61,83,20,2,9,41,15,0,26,39,0.319,0.408,0.515,0.923,134,,13,4,0,4,,,,,,
Austin Cousino,2013,20,-0.4,Kentucky,SEC,NCAA,,55,258,209,42,52,12,1,6,27,14,1,25,46,0.249,0.383,0.402,0.785,84,,21,2,1,1,,,,,,
Austin Cousino,2014,21,0.5,Kentucky,SEC,NCAA,,61,298,264,58,81,15,4,4,38,19,1,13,39,0.307,0.364,0.439,0.803,116,,13,4,4,2,,,,,,
Jordan Luplow,2012,18,-2.3,Fresno State,WAC,NCAA,,59,254,233,33,65,15,2,2,34,10,1,11,48,0.279,0.321,0.386,0.708,90,,4,5,1,0,,,,,,
Jordan Luplow,2013,19,-1.5,Fresno State,MWC,NCAA,,41,173,151,23,42,9,3,3,21,6,1,13,31,0.278,0.345,0.437,0.782,66,,4,2,3,0,,,,,,
Jordan Luplow,2014,20,-0.5,Fresno State,MWC,NCAA,,57,262,215,40,81,21,1,9,48,10,4,36,22,0.377,0.475,0.609,1.084,131,,6,3,2,2,,,,,,
Brett Austin,2012,19,-1.4,NC State,ACC,NCAA,,62,287,243,49,69,17,1,0,37,6,1,29,48,0.284,0.35,0.362,0.712,88,,1,4,10,0,,,,,,
Brett Austin,2013,20,-0.5,NC State,ACC,NCAA,,66,313,263,38,66,21,1,2,37,13,6,35,59,0.251,0.333,0.361,0.695,95,,1,7,7,1,,,,,,
Brett Austin,2014,21,0.5,NC State,ACC,NCAA,,54,247,215,42,74,12,5,5,31,8,1,27,29,0.344,0.414,0.516,0.93,111,,0,3,2,3,,,,,,
Taylor Gushue,2012,18,-2.4,Florida,SEC,NCAA,,52,170,141,21,29,8,1,5,21,1,2,23,33,0.206,0.329,0.383,0.712,54,,4,0,2,0,,,,,,
Taylor Gushue,2013,19,-1.4,Florida,SEC,NCAA,,59,250,216,27,58,13,2,5,33,3,3,22,41,0.269,0.349,0.417,0.766,90,,7,1,4,2,,,,,,
Taylor Gushue,2014,20,-0.5,Florida,SEC,NCAA,,63,271,225,30,71,16,0,6,49,1,0,27,39,0.316,0.389,0.467,0.856,105,,7,1,11,6,,,,,,
Auston Bousfield,2012,18,-2.4,Mississippi,SEC,NCAA,,62,253,221,38,62,10,1,2,22,6,2,23,28,0.281,0.352,0.362,0.714,80,,3,3,3,1,,,,,,
Auston Bousfield,2013,19,-1.4,Mississippi,SEC,NCAA,,62,282,241,45,61,10,3,2,25,9,4,30,38,0.253,0.344,0.344,0.689,83,,4,6,1,0,,,,,,
Auston Bousfield,2014,20,-0.5,Mississippi,SEC,NCAA,,69,328,286,61,96,18,2,6,50,19,1,20,27,0.336,0.393,0.476,0.869,136,,11,5,6,2,,,,,,
Shane Zeile,2012,19,-1.5,UCLA,P12,NCAA,,33,77,62,12,23,3,1,0,10,0,1,5,10,0.371,0.48,0.452,0.932,28,,8,2,0,0,,,,,,
Shane Zeile,2013,20,-0.4,UCLA,P12,NCAA,,61,242,199,22,45,9,0,2,20,2,3,23,39,0.226,0.326,0.302,0.628,60,,8,9,3,0,,,,,,
Shane Zeile,2014,21,0.5,UCLA,P12,NCAA,,56,248,216,25,70,9,3,2,28,5,4,21,38,0.324,0.401,0.421,0.822,91,,8,1,2,4,,,,,,
Michael Suchy,2012,19,-1.4,Florida Gulf Coast,ASun,NCAA,,45,149,123,17,24,4,0,0,6,5,0,15,42,0.195,0.301,0.228,0.528,28,,4,6,1,0,,,,,,
Michael Suchy,2013,20,-0.3,Florida Gulf Coast,ASun,NCAA,,57,259,226,37,71,7,1,9,46,7,4,23,45,0.314,0.384,0.473,0.858,107,,4,4,2,0,,,,,,
Michael Suchy,2014,21,0.3,Florida Gulf Coast,ASun,NCAA,,60,279,239,54,76,16,4,8,49,10,6,20,47,0.318,0.384,0.519,0.902,124,,11,0,9,1,,,,,,
Louie Lechich,2011,19,-1.4,California,P10,NCAA,,33,63,56,11,16,1,0,1,5,0,0,6,12,0.286,0.355,0.357,0.712,20,,0,1,0,,,,,,,
Louie Lechich,2012,20,-0.4,San Diego,WCC,NCAA,,57,257,225,39,70,10,2,1,33,7,6,21,33,0.311,0.368,0.387,0.754,87,,2,4,5,0,,,,,,
Louie Lechich,2013,21,0.5,San Diego,WCC,NCAA,,61,218,189,31,50,10,4,1,25,1,2,22,37,0.265,0.346,0.376,0.721,71,,3,1,3,1,,,,,,
Louie Lechich,2014,22,1.6,San Diego,WCC,NCAA,,53,254,225,45,77,18,3,7,46,3,4,16,30,0.342,0.396,0.542,0.938,122,,6,4,3,2,,,,,,
Jose Trevino,2012,19,-2,Oral Roberts,SUMT,NCAA,,63,273,246,44,78,18,3,13,57,3,0,17,34,0.317,0.358,0.573,0.931,141,,2,2,6,1,,,,,,
Jose Trevino,2013,20,-0.7,Oral Roberts,SLC,NCAA,,51,226,195,32,47,9,0,8,37,0,0,23,29,0.241,0.323,0.41,0.733,80,,3,0,5,6,,,,,,
Jose Trevino,2014,21,0.1,Oral Roberts,SLC,NCAA,,56,256,230,37,70,11,1,10,43,4,0,20,25,0.304,0.359,0.491,0.851,113,,2,0,4,2,,,,,,
Mac James,2013,20,-0.8,Oklahoma,B12,NCAA,,9,13,9,1,2,0,0,0,2,0,0,1,2,0.222,0.364,0.222,0.586,2,,1,2,0,0,,,,,,
Mac James,2014,21,0.2,Oklahoma,B12,NCAA,,57,253,218,32,72,15,1,5,41,4,4,21,13,0.33,0.398,0.477,0.875,104,,7,2,5,2,,,,,,
Greg Allen,2012,19,-1.2,San Diego State,MWC,NCAA,,60,270,232,44,71,11,2,2,31,12,9,19,41,0.306,0.378,0.397,0.774,92,,9,8,2,1,,,,,,
Greg Allen,2013,20,-0.5,San Diego State,MWC,NCAA,,62,304,254,51,76,11,1,0,28,25,9,36,40,0.299,0.397,0.35,0.748,89,,6,7,1,1,,,,,,
Greg Allen,2014,21,0.5,San Diego State,MWC,NCAA,,63,296,255,52,77,8,6,0,26,25,5,30,31,0.302,0.385,0.38,0.765,97,,5,5,1,0,,,,,,
Ross Kivett,2011,19,-1.8,Kansas State,B12,NCAA,,48,182,156,29,49,4,1,0,19,8,5,11,21,0.314,0.376,0.353,0.728,55,,5,9,1,,,,,,,
Ross Kivett,2012,20,-0.9,Kansas State,B12,NCAA,,58,276,223,46,64,10,5,0,28,25,4,34,26,0.287,0.398,0.377,0.775,84,,8,10,1,0,,,,,,
Ross Kivett,2013,21,0.2,Kansas State,B12,NCAA,,64,306,261,57,94,15,4,3,39,26,10,29,28,0.36,0.44,0.483,0.923,126,,10,4,2,1,,,,,,
Ross Kivett,2014,22,1.2,Kansas State,B12,NCAA,,55,259,210,49,70,13,1,4,33,21,1,35,25,0.333,0.443,0.462,0.905,97,,8,4,2,2,,,,,,
Andrew Sohn,2012,19,-1.3,Western Michigan,MAC,NCAA,,40,141,128,13,31,2,0,1,12,2,3,5,13,0.242,0.281,0.281,0.562,36,,3,2,3,0,,,,,,
Andrew Sohn,2013,20,-0.3,Western Michigan,MAC,NCAA,,51,221,194,28,65,9,1,2,36,14,2,9,19,0.335,0.391,0.423,0.813,82,,10,6,2,1,,,,,,
Andrew Sohn,2014,21,0.4,Western Michigan,MAC,NCAA,,53,233,192,34,62,7,6,0,28,17,6,21,32,0.323,0.429,0.422,0.85,81,,16,2,2,1,,,,,,
Jake Peter,2012,19,-1.6,Creighton,MVC,NCAA,,56,219,176,25,38,12,2,1,18,4,2,35,40,0.216,0.362,0.324,0.686,57,,6,1,1,0,,,,,,
Jake Peter,2013,20,-0.7,Creighton,MVC,NCAA,,48,229,203,33,71,10,5,1,35,8,2,20,21,0.35,0.408,0.463,0.871,94,,2,1,3,2,,,,,,
Jake Peter,2014,21,0.6,Creighton,BigE,NCAA,,50,230,197,43,59,8,3,4,37,4,4,21,17,0.299,0.376,0.431,0.808,85,,5,4,3,0,,,,,,
Drew Weeks,2012,19,-1.4,North Florida,ASun,NCAA,,38,150,129,23,37,10,1,1,18,4,0,9,30,0.287,0.365,0.403,0.768,52,,8,2,2,1,,,,,,
Drew Weeks,2013,20,-0.3,North Florida,ASun,NCAA,,58,269,238,44,71,9,3,8,45,16,2,21,37,0.298,0.363,0.462,0.825,110,,5,2,3,3,,,,,,
Drew Weeks,2014,21,0.3,North Florida,ASun,NCAA,,53,245,221,52,95,13,4,6,38,10,4,18,20,0.43,0.478,0.606,1.084,134,,4,0,2,7,,,,,,
Mitch Meyer,2011,19,-1.8,Kansas State,B12,NCAA,,17,34,31,4,10,3,0,1,6,0,0,1,4,0.323,0.382,0.516,0.898,16,,2,0,0,,,,,,,
Mitch Meyer,2013,21,0.2,Kansas State,B12,NCAA,,52,147,128,16,36,5,5,4,34,2,3,3,49,0.281,0.322,0.492,0.814,63,,7,4,5,1,,,,,,
Mitch Meyer,2014,22,1.2,Kansas State,B12,NCAA,,51,171,148,19,39,8,1,3,26,3,1,18,39,0.264,0.351,0.392,0.743,58,,3,0,2,1,,,,,,
Seth Harrison,2013,20,-0.9,Louisiana-Lafayette,SBC,NCAA,,56,251,210,58,71,17,2,9,45,10,7,23,52,0.338,0.417,0.567,0.984,119,,7,9,2,1,,,,,,
Seth Harrison,2014,21,0.1,Louisiana-Lafayette,SBC,NCAA,,68,302,254,53,82,17,7,9,65,15,6,20,61,0.323,0.38,0.551,0.931,140,,10,7,11,0,,,,,,
Bo Way,2013,21,0.7,Kennesaw,ASun,NCAA,,60,270,240,41,75,12,4,2,27,8,1,21,24,0.313,0.378,0.421,0.799,101,,5,3,1,0,,,,,,
Bo Way,2014,22,1.3,Kennesaw,ASun,NCAA,,60,270,241,40,85,17,2,2,31,11,4,16,22,0.353,0.398,0.465,0.862,112,,4,6,3,4,,,,,,
Mark Payton,2011,19,-1.8,Texas,B12,NCAA,,65,302,240,37,63,11,2,0,25,6,4,31,34,0.263,0.353,0.325,0.678,78,,6,19,6,,,,,,,
Mark Payton,2012,20,-0.9,Texas,B12,NCAA,,52,251,208,40,67,13,4,5,29,8,5,32,27,0.322,0.418,0.495,0.913,103,,3,7,1,2,,,,,,
Mark Payton,2013,21,0.2,Texas,B12,NCAA,,50,218,178,27,70,11,8,0,29,3,3,28,23,0.393,0.483,0.545,1.028,97,,4,7,1,3,,,,,,
Mark Payton,2014,22,1.2,Texas,B12,NCAA,,67,312,241,33,76,15,5,2,39,19,2,57,27,0.315,0.456,0.444,0.9,107,,6,7,1,6,,,,,,
Brandon Downes,2012,19,-1.4,Virginia,ACC,NCAA,,34,126,106,20,34,7,2,1,22,3,1,15,27,0.321,0.419,0.453,0.872,48,,3,2,0,0,,,,,,
Brandon Downes,2013,20,-0.5,Virginia,ACC,NCAA,,61,292,253,67,80,20,7,10,59,6,1,27,60,0.316,0.393,0.569,0.962,144,,7,2,3,0,,,,,,
Brandon Downes,2014,21,0.5,Virginia,ACC,NCAA,,67,278,237,31,57,10,2,7,40,9,2,25,48,0.241,0.335,0.388,0.723,92,,10,3,3,0,,,,,,
Joey Pankake,2012,19,-1.4,South Carolina,SEC,NCAA,,66,285,239,42,63,15,3,2,27,3,4,31,40,0.264,0.355,0.377,0.732,90,,4,9,2,0,,,,,,
Joey Pankake,2013,20,-0.4,South Carolina,SEC,NCAA,,62,276,238,41,74,9,1,11,42,7,4,30,29,0.311,0.389,0.496,0.885,118,,3,1,4,1,,,,,,
Joey Pankake,2014,21,0.5,South Carolina,SEC,NCAA,,58,259,221,52,67,11,0,5,31,4,4,30,21,0.303,0.394,0.421,0.815,93,,5,0,3,3,,,,,,
Branden Cogswell,2012,19,-1.4,Virginia,ACC,NCAA,,41,134,100,28,26,2,4,0,15,2,2,16,17,0.26,0.419,0.36,0.779,36,,12,5,1,0,,,,,,
Branden Cogswell,2013,20,-0.5,Virginia,ACC,NCAA,,47,232,182,55,63,11,4,0,22,12,5,38,19,0.346,0.464,0.451,0.915,82,,3,8,1,2,,,,,,
Branden Cogswell,2014,21,0.5,Virginia,ACC,NCAA,,69,324,259,47,78,11,1,0,23,8,4,42,22,0.301,0.399,0.351,0.751,91,,3,16,4,2,,,,,,
Bobby Boyd,2012,19,-1.5,West Virginia,BigE,NCAA,,53,227,193,40,62,7,1,2,20,23,3,13,23,0.321,0.379,0.399,0.777,77,,6,13,2,0,,,,,,
Bobby Boyd,2013,20,-0.8,West Virginia,B12,NCAA,,55,236,210,33,66,7,3,0,24,17,6,15,17,0.314,0.367,0.376,0.743,79,,3,7,1,0,,,,,,
Bobby Boyd,2014,21,0.2,West Virginia,B12,NCAA,,53,250,222,46,79,8,2,1,24,18,2,10,25,0.356,0.389,0.423,0.813,94,,4,11,3,0,,,,,,
Austin Slater,2012,19,-1.5,Stanford,P12,NCAA,,7,4,4,0,0,0,0,0,0,0,0,0,3,0,0,0,0,0,,0,0,0,0,,,,,,
Austin Slater,2013,20,-0.4,Stanford,P12,NCAA,,51,230,197,37,51,11,4,3,30,5,2,24,33,0.259,0.352,0.401,0.753,79,,5,3,1,0,,,,,,
Austin Slater,2014,21,0.5,Stanford,P12,NCAA,,59,257,229,39,78,17,6,2,40,6,1,16,29,0.341,0.386,0.493,0.88,113,,3,6,3,1,,,,,,
Jake Yacinich,2012,19,-1.4,Iowa,BTen,NCAA,,46,192,161,24,47,8,1,0,24,9,0,8,18,0.292,0.348,0.354,0.702,57,,7,14,2,0,,,,,,
Jake Yacinich,2013,20,-0.6,Iowa,BTen,NCAA,,41,179,154,22,44,4,0,0,24,4,3,9,22,0.286,0.36,0.312,0.672,48,,9,7,0,0,,,,,,
Jake Yacinich,2014,21,0.3,Iowa,BTen,NCAA,,53,244,208,45,76,6,4,1,32,25,4,19,30,0.365,0.438,0.447,0.885,93,,11,2,4,1,,,,,,
Connor Spencer,2012,19,-1.3,UC Irvine,BigW,NCAA,,54,203,170,19,52,3,5,0,30,1,1,19,20,0.306,0.388,0.382,0.77,65,,7,2,5,2,,,,,,
Connor Spencer,2013,20,-0.5,UC Irvine,BigW,NCAA,,55,248,212,42,79,19,3,0,35,3,2,21,21,0.373,0.443,0.491,0.934,104,,9,2,4,1,,,,,,
Connor Spencer,2014,21,0,UC Irvine,BigW,NCAA,,66,296,250,36,91,15,5,1,44,8,4,23,25,0.364,0.451,0.476,0.927,119,,19,1,3,3,,,,,,
Ryan O'Hearn,2012,18,-2.4,Sam Houston State,SLC,NCAA,,62,258,227,34,69,9,2,2,30,5,1,25,59,0.304,0.383,0.388,0.77,88,,4,2,0,4,,,,,,
Ryan O'Hearn,2013,19,-1.7,Sam Houston State,SLC,NCAA,,56,209,183,19,48,7,4,1,25,0,1,23,42,0.262,0.341,0.361,0.702,66,,0,1,2,1,,,,,,
Ryan O'Hearn,2014,20,-0.9,Sam Houston State,SLC,NCAA,,62,285,257,37,75,11,3,8,44,1,1,22,53,0.292,0.348,0.451,0.799,116,,1,3,2,1,,,,,,
Jeff Gardner,2011,19,-1.6,Louisville,BigE,NCAA,,36,96,91,20,30,9,0,3,13,3,0,3,14,0.33,0.365,0.527,0.892,48,,2,0,0,,,,,,,
Jeff Gardner,2012,20,-0.5,Louisville,BigE,NCAA,,58,197,167,35,50,9,2,2,34,2,3,15,33,0.299,0.398,0.413,0.811,69,,13,1,1,0,,,,,,
Jeff Gardner,2013,21,0.4,Louisville,BigE,NCAA,,60,186,163,28,55,15,3,9,43,1,2,18,21,0.337,0.416,0.632,1.048,103,,4,1,0,0,,,,,,
Jeff Gardner,2014,22,1.4,Louisville,Amer,NCAA,,65,281,240,37,75,20,2,9,68,2,1,22,44,0.313,0.399,0.525,0.924,126,,15,0,4,6,,,,,,
Brian O'Grady,2011,19,-1.6,Rutgers,BigE,NCAA,,40,151,127,16,29,5,0,0,11,2,1,14,18,0.228,0.308,0.268,0.576,34,,2,5,3,,,,,,,
Brian O'Grady,2012,20,-0.5,Rutgers,BigE,NCAA,,56,263,224,47,69,13,4,1,28,9,7,32,35,0.308,0.402,0.415,0.817,93,,4,2,1,1,,,,,,
Brian O'Grady,2013,21,0.4,Rutgers,BigE,NCAA,,58,255,216,40,62,16,1,2,27,6,2,33,30,0.287,0.386,0.398,0.784,86,,3,1,2,0,,,,,,
Brian O'Grady,2014,22,1.4,Rutgers,Amer,NCAA,,54,234,204,40,67,12,5,5,30,13,5,26,32,0.328,0.402,0.51,0.912,104,,1,0,3,1,,,,,,
Daniel Miles,2013,21,0.5,Tennessee Tech,OVC,NCAA,,53,233,199,43,67,11,3,12,53,2,0,21,20,0.337,0.411,0.603,1.014,120,,7,2,4,0,,,,,,
Daniel Miles,2014,22,1.4,Tennessee Tech,OVC,NCAA,,58,285,237,67,90,17,1,11,54,5,2,39,21,0.38,0.481,0.599,1.08,142,,8,0,1,0,,,,,,
Ben Moore,2012,19,-1.4,Alabama,SEC,NCAA,,55,231,199,33,68,10,1,2,31,10,2,20,26,0.342,0.412,0.432,0.844,86,,6,3,3,0,,,,,,
Ben Moore,2013,20,-0.4,Alabama,SEC,NCAA,,63,277,243,40,68,13,4,4,41,16,3,25,29,0.28,0.351,0.416,0.767,101,,4,1,4,0,,,,,,
Ben Moore,2014,21,0.5,Alabama,SEC,NCAA,,61,273,239,45,73,13,1,9,39,7,2,18,16,0.305,0.367,0.481,0.848,115,,8,3,5,0,,,,,,
Max Murphy,2012,19,-1.6,Bradley,MVC,NCAA,,55,237,200,32,57,11,2,9,38,9,4,21,51,0.285,0.375,0.495,0.87,99,,9,5,2,1,,,,,,
Max Murphy,2013,20,-0.7,Bradley,MVC,NCAA,,48,209,183,34,51,11,2,6,34,2,3,12,27,0.279,0.359,0.459,0.818,84,,12,0,2,0,,,,,,
Max Murphy,2014,21,0.2,Bradley,MVC,NCAA,,51,232,194,47,61,15,2,12,42,10,2,23,41,0.314,0.414,0.598,1.012,116,,12,0,3,0,,,,,,
Ryan Metzler,2012,19,-1.2,Siena,MAAC,NCAA,,53,195,172,22,50,4,0,0,19,2,2,13,33,0.291,0.34,0.314,0.654,54,,1,7,2,0,,,,,,
Ryan Metzler,2013,20,-0.4,USC Aiken,PBC,NCAA,,55,241,210,48,75,12,1,7,46,7,2,23,36,0.357,0.423,0.524,0.947,110,,4,0,4,1,,,,,,
Ryan Metzler,2014,21,0,USC Aiken,PBC,NCAA,,53,228,200,42,73,13,0,4,42,16,5,21,21,0.365,0.427,0.49,0.917,98,,3,1,3,0,,,,,,
Nick Vilter,2012,18,-2.3,UC Riverside,BigW,NCAA,,36,105,83,9,19,6,0,1,9,2,2,12,18,0.229,0.369,0.337,0.706,28,,7,2,1,0,,,,,,
Nick Vilter,2013,19,-1.5,UC Riverside,BigW,NCAA,,53,203,158,22,34,10,1,1,16,1,0,27,56,0.215,0.348,0.31,0.659,49,,8,5,5,0,,,,,,
Nick Vilter,2014,20,-1,UC Riverside,BigW,NCAA,,48,210,160,37,47,9,1,10,33,5,0,30,39,0.294,0.442,0.55,0.992,88,,14,4,2,4,,,,,,
Justin Gonzalez,2011,20,-0.4,Florida State,ACC,NCAA,,65,281,231,50,61,13,1,8,40,8,2,31,74,0.264,0.38,0.433,0.813,100,,14,2,3,,,,,,,
Justin Gonzalez,2012,21,0.6,Florida State,ACC,NCAA,,61,256,211,42,54,11,0,9,42,13,2,30,73,0.256,0.374,0.436,0.81,92,,11,2,2,0,,,,,,
Justin Gonzalez,2013,22,1.5,Florida State,ACC,NCAA,,5,22,18,5,5,0,1,2,5,0,0,3,6,0.278,0.409,0.722,1.131,13,,1,0,0,0,,,,,,
Justin Gonzalez,2014,23,2.5,Florida State,ACC,NCAA,,56,256,196,43,48,16,2,3,39,3,2,48,68,0.245,0.41,0.393,0.803,77,,9,0,3,0,,,,,,
Vicente Conde,2012,18,-2.4,Vanderbilt,SEC,NCAA,,60,217,185,29,36,11,1,2,26,4,3,22,46,0.195,0.28,0.297,0.578,55,,2,3,5,0,,,,,,
Vicente Conde,2013,19,-1.4,Vanderbilt,SEC,NCAA,,66,277,238,43,73,18,0,6,44,3,1,29,41,0.307,0.38,0.458,0.838,109,,1,6,3,1,,,,,,
Vicente Conde,2014,20,-0.5,Vanderbilt,SEC,NCAA,,72,303,243,45,69,9,1,4,50,15,2,41,42,0.284,0.397,0.379,0.775,92,,7,8,4,2,,,,,,
Brandon Thomasson,2013,21,0.5,Tennessee Tech,OVC,NCAA,,57,268,233,54,64,19,3,12,52,0,0,31,67,0.275,0.366,0.536,0.902,125,,3,0,1,4,,,,,,
Brandon Thomasson,2014,22,1.4,Tennessee Tech,OVC,NCAA,,58,275,244,60,82,20,4,22,76,2,1,22,45,0.336,0.389,0.721,1.11,176,,3,0,6,1,,,,,,
Austin Byler,2012,19,-1.3,Nevada,WAC,NCAA,,51,197,163,28,45,8,1,4,22,4,2,18,32,0.276,0.396,0.411,0.807,67,,15,0,1,1,,,,,,
Austin Byler,2013,20,-0.5,Nevada,MWC,NCAA,,47,210,182,35,63,10,3,8,40,3,2,18,47,0.346,0.424,0.566,0.99,103,,8,0,2,2,,,,,,
Austin Byler,2014,21,0.5,Nevada,MWC,NCAA,,57,263,221,51,72,14,5,14,47,7,4,25,48,0.326,0.42,0.624,1.044,138,,13,1,3,4,,,,,,
Austin Byler,2015,22,1.6,Nevada,MWC,NCAA,,56,276,198,69,65,18,2,14,52,9,3,54,57,0.328,0.507,0.652,1.159,129,,20,2,2,1,,,,,,
Doug Votolato,2011,20,-0.8,Central Arkansas,SLC,NCAA,,23,50,40,10,7,3,0,0,4,2,0,8,18,0.175,0.313,0.25,0.563,10,,0,2,0,,,,,,,
Doug Votolato,2012,21,0.6,Central Arkansas,SLC,NCAA,,16,26,22,2,6,0,0,0,4,4,0,3,9,0.273,0.36,0.273,0.633,6,,0,1,0,0,,,,,,
Doug Votolato,2013,22,1.3,Central Arkansas,SLC,NCAA,,34,80,61,13,10,1,1,2,13,2,0,13,26,0.164,0.325,0.311,0.636,19,,2,3,1,0,,,,,,
Doug Votolato,2014,23,2.1,Central Arkansas,SLC,NCAA,,52,263,219,50,83,10,2,1,24,26,5,28,35,0.379,0.456,0.457,0.913,100,,4,11,1,1,,,,,,
Adam Martin,2011,19,-1.4,Western Carolina,SoCo,NCAA,,40,155,134,22,39,7,1,5,24,1,2,16,35,0.291,0.387,0.47,0.857,63,,5,0,0,,,,,,,
Adam Martin,2012,20,-0.5,Western Carolina,SoCo,NCAA,,56,228,191,35,54,9,2,7,33,2,2,25,39,0.283,0.379,0.461,0.84,88,,7,1,4,1,,,,,,
Adam Martin,2013,21,0.5,Western Carolina,SoCo,NCAA,,42,169,140,26,40,10,0,8,36,0,0,18,33,0.286,0.396,0.529,0.925,74,,9,0,2,0,,,,,,
Adam Martin,2014,22,1.4,Western Carolina,SoCo,NCAA,,54,249,202,48,62,10,1,14,65,9,0,29,55,0.307,0.411,0.574,0.986,116,,11,1,6,3,,,,,,
Troy Stein,2011,19,-1.8,Texas A&M,B12,NCAA,,14,29,26,4,5,0,0,1,5,1,0,1,6,0.192,0.25,0.308,0.558,8,,1,1,0,,,,,,,
Troy Stein,2012,20,-0.9,Texas A&M,B12,NCAA,,55,189,158,16,48,12,0,2,25,1,1,21,44,0.304,0.387,0.418,0.805,66,,3,3,4,0,,,,,,
Troy Stein,2013,21,0.6,Texas A&M,SEC,NCAA,,56,222,203,26,59,10,3,5,22,4,0,12,45,0.291,0.341,0.443,0.784,90,,4,2,1,1,,,,,,
Troy Stein,2014,22,1.5,Texas A&M,SEC,NCAA,,57,224,196,29,57,12,2,2,24,4,3,19,26,0.291,0.372,0.403,0.775,79,,7,1,1,1,,,,,,
Caleb Adams,2013,20,-0.9,Louisiana-Lafayette,SBC,NCAA,,56,223,189,49,64,9,1,16,55,3,3,28,46,0.339,0.435,0.651,1.086,123,,5,0,1,0,,,,,,
Caleb Adams,2014,21,0.1,Louisiana-Lafayette,SBC,NCAA,,67,285,223,67,85,18,7,11,42,7,6,46,60,0.381,0.502,0.673,1.174,150,,10,4,2,2,,,,,,
Ty McFarland,2011,19,-1.4,James Madison,CAA,NCAA,,59,242,212,36,59,14,1,2,36,5,3,19,43,0.278,0.343,0.382,0.725,81,,3,6,2,,,,,,,
Ty McFarland,2012,20,-0.4,James Madison,CAA,NCAA,,29,138,109,32,36,8,1,0,16,2,1,20,14,0.33,0.449,0.422,0.871,46,,5,2,2,0,,,,,,
Ty McFarland,2013,21,0.6,James Madison,CAA,NCAA,,55,273,218,65,74,12,1,4,42,2,4,45,19,0.339,0.458,0.459,0.917,100,,6,0,4,1,,,,,,
Ty McFarland,2014,22,1.2,James Madison,CAA,NCAA,,53,254,227,47,72,12,2,9,37,3,0,21,19,0.317,0.39,0.507,0.896,115,,6,0,0,0,,,,,,
Seth Spivey,2013,20,-1.1,Abilene Christian,LSC,NCAA,,52,227,175,43,55,7,3,2,32,9,6,22,28,0.314,0.451,0.423,0.874,74,,24,3,3,0,,,,,,
Seth Spivey,2014,21,0.1,Abilene Christian,SLC,NCAA,,52,241,205,44,69,13,3,5,31,10,4,21,26,0.337,0.432,0.502,0.934,103,,14,0,1,1,,,,,,
Steven Patterson,2013,20,-0.5,UC Davis,BigW,NCAA,,54,235,204,31,66,12,0,2,33,1,0,18,10,0.324,0.4,0.412,0.812,84,,10,0,3,3,,,,,,
Steven Patterson,2014,21,0,UC Davis,BigW,NCAA,,41,177,144,19,47,7,4,1,24,1,3,21,18,0.326,0.436,0.451,0.887,65,,7,5,0,1,,,,,,
Colin Hering,2013,22,1.7,Coastal Carolina,BigS,NCAA,,58,237,192,26,57,6,0,3,26,9,4,26,37,0.297,0.407,0.375,0.782,72,,11,6,2,3,,,,,,
Colin Hering,2014,23,2.5,Coastal Carolina,BigS,NCAA,,55,201,178,17,38,4,1,1,13,8,2,16,40,0.213,0.283,0.264,0.547,47,,2,3,2,1,,,,,,
Cole Sturgeon,2011,19,-1.6,Louisville,BigE,NCAA,,50,128,110,14,23,1,0,0,6,4,1,13,20,0.209,0.304,0.218,0.522,24,,2,3,0,,,,,,,
Cole Sturgeon,2012,20,-0.5,Louisville,BigE,NCAA,,63,269,221,42,71,11,5,1,45,8,0,23,14,0.321,0.4,0.43,0.83,95,,10,9,6,0,,,,,,
Cole Sturgeon,2013,21,0.4,Louisville,BigE,NCAA,,61,260,221,38,75,9,2,1,33,13,5,21,18,0.339,0.42,0.412,0.831,91,,11,5,2,1,,,,,,
Cole Sturgeon,2014,22,1.4,Louisville,Amer,NCAA,,67,321,269,58,87,16,7,2,35,19,5,25,37,0.323,0.403,0.457,0.86,123,,13,11,3,0,,,,,,
Danny Diekroeger,2011,19,-1.4,Stanford,P10,NCAA,,19,38,31,1,8,0,0,0,8,0,0,4,9,0.258,0.316,0.258,0.574,8,,0,0,3,,,,,,,
Danny Diekroeger,2012,20,-0.5,Stanford,P12,NCAA,,34,112,96,16,34,4,1,3,10,1,0,9,6,0.354,0.422,0.51,0.932,49,,3,3,1,0,,,,,,
Danny Diekroeger,2013,21,0.6,Stanford,P12,NCAA,,54,244,224,29,67,10,2,2,28,6,2,13,25,0.299,0.35,0.388,0.738,87,,5,1,1,0,,,,,,
Danny Diekroeger,2014,22,1.5,Stanford,P12,NCAA,,61,281,230,43,72,13,0,2,22,8,2,25,27,0.313,0.404,0.396,0.799,91,,12,11,3,0,,,,,,
Dansby Swanson,2013,19,-1.4,Vanderbilt,SEC,NCAA,,11,24,16,4,3,1,0,0,1,1,1,4,5,0.188,0.435,0.25,0.685,4,,3,1,0,0,,,,,,
Dansby Swanson,2014,20,-0.5,Vanderbilt,SEC,NCAA,,72,336,282,63,94,27,2,3,34,22,4,37,49,0.333,0.411,0.475,0.886,134,,3,10,4,0,,,,,,
Dansby Swanson,2015,21,0.5,Vanderbilt,SEC,NCAA,,71,336,281,76,94,24,6,15,64,16,2,43,54,0.335,0.423,0.623,1.046,175,,4,3,5,2,,,,,,
Alex Bregman,2013,19,-1.4,Louisiana State,SEC,NCAA,,67,314,282,59,104,18,7,6,52,16,1,24,25,0.369,0.417,0.546,0.963,154,,3,0,5,2,,,,,,
Alex Bregman,2014,20,-0.5,Louisiana State,SEC,NCAA,,63,283,244,35,77,16,0,6,47,12,6,27,21,0.316,0.397,0.455,0.852,111,,8,1,3,4,,,,,,
Alex Bregman,2015,21,0.5,Louisiana State,SEC,NCAA,,66,312,260,59,84,22,3,9,49,38,10,36,22,0.323,0.412,0.535,0.946,139,,8,1,7,7,,,,,,
Andrew Benintendi,2014,19,-1.5,Arkansas,SEC,NCAA,,61,268,225,45,62,8,1,1,27,17,4,24,20,0.276,0.368,0.333,0.701,75,,10,7,2,0,,,,,,
Andrew Benintendi,2015,20,-0.5,Arkansas,SEC,NCAA,,65,288,226,62,85,13,2,20,57,24,4,50,32,0.376,0.488,0.717,1.205,162,,5,1,6,5,,,,,,
Ian Happ,2013,18,-2.6,Cincinnati,BigE,NCAA,,56,255,205,41,66,13,1,6,36,25,5,47,32,0.322,0.451,0.483,0.934,99,,2,0,1,2,,,,,,
Ian Happ,2014,19,-1.6,Cincinnati,Amer,NCAA,,51,211,171,32,54,13,1,5,27,19,5,32,35,0.316,0.438,0.491,0.929,84,,6,1,1,2,,,,,,
Ian Happ,2015,20,-0.6,Cincinnati,Amer,NCAA,,56,252,198,47,73,18,0,14,44,12,8,49,49,0.369,0.492,0.672,1.164,133,,2,0,3,15,,,,,,
Kevin Newman,2013,19,-1.4,Arizona,P12,NCAA,,55,250,217,40,73,6,3,0,42,11,2,20,13,0.336,0.398,0.392,0.789,85,,4,6,3,1,,,,,,
Kevin Newman,2014,20,-0.5,Arizona,P12,NCAA,,55,259,230,39,70,10,4,0,34,13,7,17,20,0.304,0.362,0.383,0.745,88,,5,5,2,3,,,,,,
Kevin Newman,2015,21,0.5,Arizona,P12,NCAA,,55,264,227,53,84,19,1,2,36,22,3,20,15,0.37,0.426,0.489,0.915,111,,6,6,5,2,,,,,,
Richie Martin,2013,18,-2.4,Florida,SEC,NCAA,,44,193,170,24,51,5,1,0,18,7,3,15,25,0.3,0.366,0.341,0.708,58,,4,2,2,0,,,,,,
Richie Martin,2014,19,-1.5,Florida,SEC,NCAA,,63,295,249,49,66,11,2,1,27,18,2,27,30,0.265,0.354,0.337,0.692,84,,9,7,3,0,,,,,,
Richie Martin,2015,20,-0.5,Florida,SEC,NCAA,,70,328,265,63,77,11,4,6,36,20,8,35,35,0.291,0.399,0.43,0.829,114,,16,7,5,1,,,,,,
DJ Stewart,2013,19,-1.5,Florida State,ACC,NCAA,,60,274,225,50,82,25,2,5,59,8,4,38,40,0.364,0.469,0.56,1.029,126,,8,1,2,2,,,,,,
DJ Stewart,2014,20,-0.5,Florida State,ACC,NCAA,,53,248,194,45,68,19,0,7,50,4,1,40,30,0.351,0.472,0.557,1.028,108,,9,0,5,2,,,,,,
DJ Stewart,2015,21,0.5,Florida State,ACC,NCAA,,64,294,214,62,68,10,2,15,59,12,3,69,47,0.318,0.5,0.593,1.093,127,,10,0,1,9,,,,,,
Taylor Ward,2013,19,-1.5,Fresno State,MWC,NCAA,,46,135,112,15,22,7,0,3,15,2,2,16,26,0.196,0.308,0.339,0.648,38,,3,2,2,0,,,,,,
Taylor Ward,2014,20,-0.5,Fresno State,MWC,NCAA,,57,256,219,29,70,8,0,6,41,3,3,28,29,0.32,0.395,0.438,0.834,96,,2,3,4,3,,,,,,
Taylor Ward,2015,21,0.6,Fresno State,MWC,NCAA,,59,261,214,39,65,14,2,7,42,7,0,35,34,0.304,0.413,0.486,0.899,104,,7,2,3,5,,,,,,
Kyle Holder,2014,20,-0.4,San Diego,WCC,NCAA,,52,218,191,34,57,7,2,3,29,7,2,15,16,0.298,0.358,0.403,0.762,77,,4,6,2,0,,,,,,
Kyle Holder,2015,21,0.5,San Diego,WCC,NCAA,,55,260,224,45,78,14,2,4,31,5,6,19,19,0.348,0.418,0.482,0.9,108,,8,9,0,1,,,,,,
Chris Shaw,2013,19,-1.5,Boston College,ACC,NCAA,,50,188,164,13,27,5,0,6,19,0,0,17,34,0.165,0.266,0.305,0.571,50,,6,0,1,3,,,,,,
Chris Shaw,2014,20,-0.5,Boston College,ACC,NCAA,,55,239,207,25,68,18,0,6,45,1,1,21,38,0.329,0.393,0.502,0.896,104,,5,0,6,5,,,,,,
Chris Shaw,2015,21,0.5,Boston College,ACC,NCAA,,40,168,144,25,46,9,0,11,43,0,0,20,26,0.319,0.411,0.611,1.022,88,,3,0,1,8,,,,,,
Christin Stewart,2013,19,-1.4,Tennessee,SEC,NCAA,,46,174,145,27,45,8,2,3,27,5,3,21,31,0.31,0.414,0.455,0.869,66,,6,0,2,0,,,,,,
Christin Stewart,2014,20,-0.5,Tennessee,SEC,NCAA,,54,241,218,45,72,19,6,5,39,7,1,15,42,0.33,0.386,0.541,0.927,118,,6,0,2,3,,,,,,
Christin Stewart,2015,21,0.5,Tennessee,SEC,NCAA,,50,221,177,39,55,8,2,15,47,4,5,28,38,0.311,0.443,0.633,1.076,112,,15,0,1,3,,,,,,
Donnie Dewees,2013,19,-1.3,North Florida,ASun,NCAA,,56,248,213,47,74,19,3,5,47,3,1,28,21,0.347,0.429,0.535,0.964,114,,4,1,2,2,,,,,,
Donnie Dewees,2014,20,-0.7,North Florida,ASun,NCAA,,12,52,47,8,15,1,1,1,8,2,0,5,5,0.319,0.385,0.447,0.831,21,,0,0,0,2,,,,,,
Donnie Dewees,2015,21,0.3,North Florida,ASun,NCAA,,60,287,251,88,106,12,8,18,68,23,3,30,16,0.422,0.483,0.749,1.232,188,,2,1,3,5,,,,,,
Scott Kingery,2013,19,-1.4,Arizona,P12,NCAA,,41,143,115,22,30,5,3,0,18,8,4,17,20,0.261,0.374,0.357,0.731,41,,5,4,2,0,,,,,,
Scott Kingery,2014,20,-0.5,Arizona,P12,NCAA,,54,249,195,41,69,11,4,1,26,19,4,33,27,0.354,0.456,0.467,0.923,91,,8,8,5,2,,,,,,
Scott Kingery,2015,21,0.5,Arizona,P12,NCAA,,54,259,237,53,93,15,5,5,36,11,7,9,18,0.392,0.423,0.561,0.984,133,,5,6,2,0,,,,,,
Andrew Stevenson,2013,19,-1.4,Louisiana State,SEC,NCAA,,54,143,119,22,23,0,0,1,14,5,2,11,25,0.193,0.289,0.218,0.507,26,,5,8,0,0,,,,,,
Andrew Stevenson,2014,20,-0.5,Louisiana State,SEC,NCAA,,61,238,203,41,68,7,5,0,32,9,5,14,29,0.335,0.393,0.419,0.812,85,,8,9,4,1,,,,,,
Andrew Stevenson,2015,21,0.5,Louisiana State,SEC,NCAA,,62,274,247,53,86,13,5,1,24,26,7,16,29,0.348,0.396,0.453,0.85,112,,5,4,2,0,,,,,,
Kevin Kramer,2012,18,-2.5,UCLA,P12,NCAA,,44,140,121,18,34,5,0,0,13,1,1,7,19,0.281,0.351,0.322,0.673,39,,6,6,0,0,,,,,,
Kevin Kramer,2013,19,-1.4,UCLA,P12,NCAA,,66,305,245,41,68,11,2,3,42,9,9,30,47,0.278,0.382,0.376,0.758,92,,14,12,4,2,,,,,,
Kevin Kramer,2015,21,0.5,UCLA,P12,NCAA,,61,306,254,55,82,14,2,7,34,7,8,36,38,0.323,0.423,0.476,0.899,121,,11,1,4,3,,,,,,
Mikey White,2013,19,-1.4,Alabama,SEC,NCAA,,63,266,230,34,66,11,1,2,30,3,5,19,45,0.287,0.365,0.37,0.735,85,,10,6,1,1,,,,,,
Mikey White,2014,20,-0.5,Alabama,SEC,NCAA,,61,286,237,50,71,9,2,7,33,3,2,27,44,0.3,0.399,0.443,0.842,105,,14,5,3,0,,,,,,
Mikey White,2015,21,0.5,Alabama,SEC,NCAA,,60,268,218,48,74,19,6,4,35,8,1,31,47,0.339,0.444,0.537,0.98,117,,13,2,4,4,,,,,,
Austin Rei,2013,19,-1.4,Washington,P12,NCAA,,22,62,49,4,11,1,0,0,6,0,0,5,11,0.224,0.345,0.245,0.59,12,,4,4,0,0,,,,,,
Austin Rei,2014,20,-0.5,Washington,P12,NCAA,,52,186,153,24,48,11,2,2,28,1,0,21,36,0.314,0.408,0.451,0.859,69,,4,7,1,0,,,,,,
Austin Rei,2015,21,0.5,Washington,P12,NCAA,,25,110,91,14,30,9,1,7,20,0,0,12,28,0.33,0.445,0.681,1.127,62,,7,0,0,0,,,,,,
Blake Trahan,2013,19,-1.9,Louisiana-Lafayette,SBC,NCAA,,62,258,213,46,68,10,0,4,38,13,0,30,27,0.319,0.41,0.423,0.832,90,,4,9,2,0,,,,,,
Blake Trahan,2014,20,-0.9,Louisiana-Lafayette,SBC,NCAA,,68,324,256,58,91,12,2,4,49,15,12,44,37,0.355,0.455,0.465,0.919,119,,10,5,9,1,,,,,,
Blake Trahan,2015,21,0.2,Louisiana-Lafayette,SBC,NCAA,,65,320,254,51,80,15,1,2,29,17,8,38,32,0.315,0.424,0.406,0.83,103,,14,9,5,10,,,,,,
Brandon Lowe,2014,19,-1.5,Maryland,ACC,NCAA,,54,238,181,35,63,12,3,1,42,8,4,34,20,0.348,0.464,0.464,0.928,84,,11,5,7,4,,,,,,
Brandon Lowe,2015,20,-0.9,Maryland,BTen,NCAA,,66,310,251,58,83,18,4,9,53,11,2,38,33,0.331,0.436,0.542,0.978,136,,13,3,5,2,,,,,,
Braden Bishop,2013,19,-1.4,Washington,P12,NCAA,,42,134,115,18,31,4,0,0,13,6,1,3,25,0.27,0.351,0.304,0.655,35,,12,3,1,0,,,,,,
Braden Bishop,2014,20,-0.5,Washington,P12,NCAA,,58,267,216,43,65,8,2,0,27,21,3,12,31,0.301,0.391,0.356,0.748,77,,22,14,3,0,,,,,,
Braden Bishop,2015,21,0.5,Washington,P12,NCAA,,49,228,193,38,57,14,1,4,25,15,5,23,36,0.295,0.394,0.44,0.834,85,,9,2,1,1,,,,,,
Casey Hughston,2014,20,-0.5,Alabama,SEC,NCAA,,52,184,174,17,47,7,2,4,25,0,2,5,51,0.27,0.302,0.402,0.704,70,,3,2,0,0,,,,,,
Casey Hughston,2015,21,0.5,Alabama,SEC,NCAA,,60,263,235,39,78,14,4,6,44,12,2,22,55,0.332,0.389,0.502,0.891,118,,2,1,3,1,,,,,,
Anderson Miller,2013,19,-1.9,Western Kentucky,SBC,NCAA,,21,77,68,9,15,3,1,0,10,2,1,6,15,0.221,0.289,0.294,0.584,20,,1,1,1,0,,,,,,
Anderson Miller,2014,20,-0.9,Western Kentucky,SBC,NCAA,,57,225,200,40,67,11,4,3,33,3,2,23,33,0.335,0.404,0.475,0.879,95,,1,0,1,1,,,,,,
Anderson Miller,2015,21,0.1,Western Kentucky,CUSA,NCAA,,49,232,189,47,57,9,3,12,34,5,4,41,43,0.302,0.427,0.571,0.998,108,,1,0,1,5,,,,,,
Harrison Bader,2013,19,-1.4,Florida,SEC,NCAA,,59,247,221,37,69,7,2,1,22,15,6,18,23,0.312,0.371,0.376,0.747,83,,4,2,2,0,,,,,,
Harrison Bader,2014,20,-0.5,Florida,SEC,NCAA,,44,202,169,27,57,6,2,2,24,13,6,15,29,0.337,0.421,0.432,0.853,73,,11,5,2,0,,,,,,
Harrison Bader,2015,21,0.5,Florida,SEC,NCAA,,67,305,256,53,76,16,1,17,66,8,5,33,54,0.297,0.393,0.566,0.959,145,,10,2,4,3,,,,,,
Rhett Wiseman,2013,19,-1.4,Vanderbilt,SEC,NCAA,,54,139,121,21,35,7,1,3,17,6,0,13,25,0.289,0.36,0.438,0.798,53,,1,3,1,0,,,,,,
Rhett Wiseman,2014,20,-0.5,Vanderbilt,SEC,NCAA,,68,274,238,37,66,18,4,0,30,12,6,22,43,0.277,0.343,0.387,0.73,92,,4,6,4,1,,,,,,
Rhett Wiseman,2015,21,0.5,Vanderbilt,SEC,NCAA,,71,344,290,70,92,19,4,15,49,12,2,40,73,0.317,0.415,0.566,0.98,164,,9,4,1,2,,,,,,
Anthony Hermelyn,2013,19,-1.8,Oklahoma,B12,NCAA,,59,214,178,18,49,6,0,0,26,2,0,23,29,0.275,0.356,0.309,0.665,55,,2,6,5,0,,,,,,
Anthony Hermelyn,2014,20,-0.8,Oklahoma,B12,NCAA,,54,237,211,24,61,7,1,2,28,1,1,15,29,0.289,0.339,0.36,0.699,76,,3,4,4,0,,,,,,
Anthony Hermelyn,2015,21,0.1,Oklahoma,B12,NCAA,,61,266,243,27,78,12,1,6,49,3,2,15,21,0.321,0.36,0.453,0.813,110,,2,2,4,0,,,,,,
Tate Matheny,2013,19,-1.7,Missouri State,MVC,NCAA,,54,257,229,40,77,14,1,4,26,4,2,22,47,0.336,0.396,0.459,0.855,105,,2,2,2,2,,,,,,
Tate Matheny,2014,20,-0.8,Missouri State,MVC,NCAA,,54,253,218,42,72,9,2,10,37,7,4,25,19,0.33,0.421,0.528,0.948,115,,9,1,0,1,,,,,,
Tate Matheny,2015,21,0.2,Missouri State,MVC,NCAA,,61,296,234,45,68,18,2,5,43,12,2,37,37,0.291,0.417,0.449,0.866,105,,18,1,6,6,,,,,,
Kyle Martin,2011,20,,Texas A&M,B12,NCAA,,,,,3.53,3.95,,0,,,0,,43.1,38,19,17,,13,,38,,,,,1.177,7.9,,2.7,7.9,2.92
Kyle Martin,2012,21,0.6,Texas A&M,B12,NCAA,,6,5,0.545,3.2,4.15,38,0,,,0,7,56.1,57,26,20,2,21,5,52,5,0,4,253,1.385,9.1,0.3,3.4,8.3,2.48
Kyle Martin,2013,22,1.5,Texas A&M,SEC,NCAA,,3,4,0.429,4.97,6.21,19,7,,,0,0,58,74,40,32,3,15,0,41,10,3,4,271,1.534,11.5,0.5,2.3,6.4,2.73
Carl Wise,2013,19,-1.5,College of Charleston,SoCo,NCAA,,51,171,137,32,44,7,1,10,30,3,0,23,25,0.321,0.453,0.606,1.059,83,,10,1,0,1,,,,,,
Carl Wise,2014,20,-0.8,College of Charleston,CAA,NCAA,,63,281,227,24,67,11,4,3,54,2,4,32,37,0.295,0.395,0.419,0.814,95,,12,0,10,4,,,,,,
Carl Wise,2015,21,0.3,College of Charleston,CAA,NCAA,,60,284,246,64,77,18,3,12,70,3,0,27,38,0.313,0.38,0.557,0.937,137,,4,0,7,3,,,,,,
Jeff Hendrix,2013,19,-1.4,Oregon State,P12,NCAA,,32,29,27,4,7,0,0,0,3,4,0,1,10,0.259,0.31,0.259,0.57,7,,1,0,0,0,,,,,,
Jeff Hendrix,2014,20,-0.5,Oregon State,P12,NCAA,,46,206,171,42,60,11,5,2,32,4,1,19,35,0.351,0.447,0.509,0.955,87,,13,0,3,1,,,,,,
Jeff Hendrix,2015,21,0.5,Oregon State,P12,NCAA,,58,274,221,45,75,15,5,6,34,5,1,38,39,0.339,0.446,0.534,0.98,118,,6,7,2,4,,,,,,
Tyler Krieger,2013,19,-1.5,Clemson,ACC,NCAA,,62,258,218,28,56,10,1,0,27,9,5,28,30,0.257,0.349,0.312,0.661,68,,4,6,2,2,,,,,,
Tyler Krieger,2014,20,-0.5,Clemson,ACC,NCAA,,57,255,219,49,74,18,0,2,32,19,4,25,24,0.338,0.41,0.447,0.857,98,,3,6,2,1,,,,,,
Tyler Krieger,2015,21,0.5,Clemson,ACC,NCAA,,61,290,236,45,80,14,1,1,41,14,4,41,45,0.339,0.448,0.419,0.867,99,,7,4,2,6,,,,,,
Skye Bolt,2013,19,-1.5,North Carolina,ACC,NCAA,,54,260,212,48,68,14,2,6,51,10,3,32,28,0.321,0.418,0.491,0.909,104,,7,4,5,1,,,,,,
Skye Bolt,2014,20,-0.5,North Carolina,ACC,NCAA,,61,271,218,40,56,9,0,4,32,11,1,38,30,0.257,0.373,0.353,0.726,77,,6,3,6,3,,,,,,
Skye Bolt,2015,21,0.5,North Carolina,ACC,NCAA,,56,255,205,44,53,9,0,10,45,7,3,40,40,0.259,0.383,0.449,0.832,92,,4,2,4,2,,,,,,
Kade Scivicque,2014,21,0.5,Louisiana State,SEC,NCAA,,56,209,184,32,56,9,0,7,31,0,0,13,19,0.304,0.377,0.467,0.844,86,,9,2,1,0,,,,,,
Kade Scivicque,2015,22,1.5,Louisiana State,SEC,NCAA,,60,256,234,33,83,21,0,6,48,0,0,15,22,0.355,0.398,0.521,0.92,122,,4,0,3,1,,,,,,
Paul DeJong,2013,19,-1.7,Illinois State,MVC,NCAA,,39,132,100,21,26,6,0,0,17,0,0,26,23,0.26,0.42,0.32,0.74,32,,3,1,2,0,,,,,,
Paul DeJong,2014,20,-0.8,Illinois State,MVC,NCAA,,54,250,218,44,76,21,3,9,48,2,3,22,39,0.349,0.43,0.596,1.026,130,,9,1,0,1,,,,,,
Paul DeJong,2015,21,0.2,Illinois State,MVC,NCAA,,51,246,210,47,70,15,0,14,48,2,1,28,50,0.333,0.427,0.605,1.032,127,,7,0,1,3,,,,,,
Brendon Sanger,2013,19,-1.9,Florida Atlantic,SBC,NCAA,,51,208,173,49,60,6,4,3,28,5,2,21,31,0.347,0.436,0.48,0.915,83,,7,6,1,2,,,,,,
Brendon Sanger,2014,20,-0.6,Florida Atlantic,CUSA,NCAA,,53,237,193,36,64,11,2,2,29,6,3,35,22,0.332,0.451,0.44,0.892,85,,8,0,1,1,,,,,,
Brendon Sanger,2015,21,0.1,Florida Atlantic,CUSA,NCAA,,61,295,230,57,85,20,4,7,48,2,0,56,30,0.37,0.492,0.583,1.074,134,,4,0,5,9,,,,,,
Joe McCarthy,2013,19,-1.5,Virginia,ACC,NCAA,,60,289,223,48,75,10,2,4,51,11,1,54,32,0.336,0.469,0.453,0.922,101,,6,1,5,1,,,,,,
Joe McCarthy,2014,20,-0.5,Virginia,ACC,NCAA,,69,313,256,55,77,16,2,6,49,11,1,35,34,0.301,0.417,0.449,0.866,115,,18,1,3,2,,,,,,
Joe McCarthy,2015,21,0.5,Virginia,ACC,NCAA,,33,140,112,19,22,3,0,2,11,3,0,24,20,0.196,0.343,0.277,0.62,31,,2,0,2,2,,,,,,
Blake Allemand,2012,19,-1.9,Texas A&M,B12,NCAA,,50,187,149,16,43,3,2,0,14,4,4,22,21,0.289,0.395,0.336,0.731,50,,5,10,1,0,,,,,,
Blake Allemand,2013,20,-0.4,Texas A&M,SEC,NCAA,,59,259,209,34,54,8,1,1,27,16,9,29,37,0.258,0.375,0.321,0.695,67,,11,8,2,0,,,,,,
Blake Allemand,2014,21,0.5,Texas A&M,SEC,NCAA,,56,257,207,38,60,4,1,0,24,5,5,34,30,0.29,0.397,0.319,0.716,66,,6,5,5,0,,,,,,
Blake Allemand,2015,22,1.5,Texas A&M,SEC,NCAA,,64,307,245,60,83,14,3,7,40,6,1,38,21,0.339,0.43,0.506,0.937,124,,9,5,10,2,,,,,,
Ka'ai Tom,2014,20,-0.5,Kentucky,SEC,NCAA,,54,239,204,40,67,13,0,3,41,14,4,22,18,0.328,0.414,0.436,0.85,89,,9,2,2,0,,,,,,
Ka'ai Tom,2015,21,0.5,Kentucky,SEC,NCAA,,55,254,216,41,81,16,1,5,51,15,1,23,25,0.375,0.443,0.528,0.97,114,,8,1,6,2,,,,,,
Drew Jackson,2013,19,-1.4,Stanford,P12,NCAA,,41,101,82,13,16,2,0,0,4,6,2,15,21,0.195,0.333,0.22,0.553,18,,2,2,0,0,,,,,,
Drew Jackson,2014,20,-0.5,Stanford,P12,NCAA,,39,129,108,14,18,3,1,0,4,1,3,10,27,0.167,0.254,0.213,0.467,23,,3,7,1,0,,,,,,
Drew Jackson,2015,21,0.5,Stanford,P12,NCAA,,40,174,147,27,47,6,2,0,9,6,2,15,22,0.32,0.396,0.388,0.784,57,,5,5,2,0,,,,,,
Ronnie Jebavy,2015,21,0.1,Middle Tennessee State,CUSA,NCAA,,59,268,244,38,88,15,3,7,36,24,4,19,34,0.361,0.408,0.533,0.941,130,,2,1,2,4,,,,,,
Roman Collins,2015,21,0.1,Florida Atlantic,CUSA,NCAA,,61,277,233,46,67,13,5,7,59,4,3,34,39,0.288,0.383,0.476,0.859,111,,5,0,5,2,,,,,,
Cam Gibson,2013,19,-1.6,Michigan State,BTen,NCAA,,43,193,163,34,53,5,3,0,17,12,3,18,14,0.325,0.387,0.393,0.78,64,,1,7,4,0,,,,,,
Cam Gibson,2014,20,-0.7,Michigan State,BTen,NCAA,,57,261,222,35,70,8,4,2,18,16,5,32,31,0.315,0.405,0.414,0.82,92,,3,2,2,0,,,,,,
Cam Gibson,2015,21,0.1,Michigan State,BTen,NCAA,,57,267,231,54,68,10,4,5,32,17,4,30,35,0.294,0.378,0.437,0.816,101,,3,0,3,1,,,,,,
Jared Foster,2012,19,-1.4,Louisiana State,SEC,NCAA,,45,128,110,21,24,5,0,1,13,4,3,10,24,0.218,0.312,0.291,0.603,32,,5,3,0,0,,,,,,
Jared Foster,2013,20,-0.4,Louisiana State,SEC,NCAA,,42,73,64,19,23,2,0,2,12,3,0,4,8,0.359,0.425,0.484,0.909,31,,4,0,1,0,,,,,,
Jared Foster,2014,21,0.5,Louisiana State,SEC,NCAA,,43,71,61,8,7,4,0,0,8,1,0,6,11,0.115,0.194,0.18,0.374,11,,0,4,0,1,,,,,,
Jared Foster,2015,22,1.5,Louisiana State,SEC,NCAA,,55,233,212,37,59,12,2,10,35,10,0,14,37,0.278,0.332,0.495,0.827,105,,3,4,0,0,,,,,,
Steven Duggar,2013,19,-1.5,Clemson,ACC,NCAA,,62,279,250,39,75,10,2,2,30,15,7,23,41,0.3,0.359,0.38,0.739,95,,1,3,2,1,,,,,,
Steven Duggar,2014,20,-0.5,Clemson,ACC,NCAA,,61,271,238,45,70,11,3,1,36,25,3,27,51,0.294,0.368,0.378,0.746,90,,2,2,2,2,,,,,,
Steven Duggar,2015,21,0.5,Clemson,ACC,NCAA,,61,292,227,56,69,12,1,5,43,10,5,54,49,0.304,0.432,0.432,0.863,98,,3,0,8,0,,,,,,
Cody Jones,2013,20,-0.8,Texas Christian,B12,NCAA,,57,259,208,43,56,6,3,1,18,13,4,34,37,0.269,0.387,0.341,0.728,71,,6,11,0,0,,,,,,
Cody Jones,2014,21,0.2,Texas Christian,B12,NCAA,,66,325,257,51,68,9,2,0,18,29,5,46,53,0.265,0.389,0.315,0.704,81,,8,11,3,0,,,,,,
Cody Jones,2015,22,1.1,Texas Christian,B12,NCAA,,66,307,252,63,89,14,1,5,34,33,6,45,42,0.353,0.464,0.476,0.94,120,,8,1,1,5,,,,,,
Edwin Rios,2013,19,-1.9,Florida International,SBC,NCAA,,58,258,217,42,72,20,0,9,52,2,2,26,52,0.332,0.412,0.548,0.961,119,,8,1,6,3,,,,,,
Edwin Rios,2014,20,-0.6,Florida International,CUSA,NCAA,,56,250,230,30,68,14,2,2,38,3,0,17,34,0.296,0.341,0.4,0.741,92,,0,1,2,2,,,,,,
Edwin Rios,2015,21,0.1,Florida International,CUSA,NCAA,,61,273,223,49,70,6,1,18,56,3,2,39,37,0.314,0.421,0.592,1.013,132,,6,0,5,12,,,,,,
David Fletcher,2014,20,-0.4,Loyola Marymount,WCC,NCAA,,56,258,222,37,73,6,2,0,28,17,4,13,22,0.329,0.362,0.374,0.736,83,,2,15,6,1,,,,,,
David Fletcher,2015,21,0.5,Loyola Marymount,WCC,NCAA,,55,257,221,32,68,14,2,2,27,14,3,23,18,0.308,0.385,0.416,0.801,92,,6,5,2,0,,,,,,
Dylan Moore,2014,21,0.4,Central Florida,Amer,NCAA,,56,275,232,47,72,17,0,2,35,10,4,22,25,0.31,0.387,0.409,0.797,95,,11,4,6,0,,,,,,
Dylan Moore,2015,22,1.4,Central Florida,Amer,NCAA,,58,277,240,50,80,14,3,10,45,14,2,28,35,0.333,0.417,0.542,0.958,130,,7,1,1,1,,,,,,
Jake Cronenworth,2013,19,-1.6,Michigan,BTen,NCAA,,56,246,203,33,65,12,2,2,42,12,4,22,21,0.32,0.386,0.429,0.814,87,,6,5,10,0,,,,,,
Jake Cronenworth,2014,20,-0.7,Michigan,BTen,NCAA,,60,264,205,41,55,6,4,2,28,19,4,41,34,0.268,0.391,0.366,0.757,75,,3,11,4,1,,,,,,
Jake Cronenworth,2015,21,0.1,Michigan,BTen,NCAA,,64,314,269,62,91,18,3,6,48,11,9,34,28,0.338,0.419,0.494,0.914,133,,5,4,2,0,,,,,,
Nathan Lukes,2013,18,-2.7,Sacramento State,WAC,NCAA,,59,256,232,40,73,13,4,2,32,4,2,17,24,0.315,0.372,0.431,0.803,100,,4,3,0,1,,,,,,
Nathan Lukes,2014,19,-1.6,Sacramento State,WAC,NCAA,,64,301,259,54,90,10,3,0,26,10,10,31,31,0.347,0.43,0.409,0.839,106,,7,3,1,2,,,,,,
Nathan Lukes,2015,20,-0.8,Sacramento State,WAC,NCAA,,60,278,235,43,81,14,2,7,38,13,4,30,17,0.345,0.422,0.511,0.932,120,,5,3,5,3,,,,,,
Jose Vizcaino Jr.,2013,19,-1.5,Santa Clara,WCC,NCAA,,17,51,45,3,11,2,0,0,3,1,0,5,17,0.244,0.333,0.289,0.622,13,,1,0,0,0,,,,,,
Jose Vizcaino Jr.,2014,20,-0.4,Santa Clara,WCC,NCAA,,56,223,201,33,65,8,3,2,28,11,7,9,33,0.323,0.36,0.423,0.783,85,,3,9,1,1,,,,,,
Jose Vizcaino Jr.,2015,21,0.5,Santa Clara,WCC,NCAA,,49,219,194,43,65,14,4,9,39,10,7,23,39,0.335,0.406,0.588,0.994,114,,1,0,1,3,,,,,,
Mitchell Tolman,2013,19,-1.4,Oregon,P12,NCAA,,49,207,165,16,52,9,1,1,37,2,5,18,25,0.315,0.392,0.4,0.792,66,,6,13,5,0,,,,,,
Mitchell Tolman,2014,20,-0.5,Oregon,P12,NCAA,,64,278,219,45,69,18,5,2,48,5,3,31,54,0.315,0.438,0.47,0.908,103,,20,4,4,3,,,,,,
Mitchell Tolman,2015,21,0.5,Oregon,P12,NCAA,,62,291,231,43,75,20,2,3,42,11,6,44,40,0.325,0.457,0.468,0.924,108,,13,2,1,4,,,,,,
Jesse Jenner,2012,18,-2.3,CS Fullerton,BigW,NCAA,,4,7,6,0,1,0,0,0,1,0,0,0,3,0.167,0.286,0.167,0.452,1,,1,0,0,0,,,,,,
Jesse Jenner,2014,20,-0.4,San Diego,WCC,NCAA,,49,186,161,31,56,7,0,3,35,4,2,9,15,0.348,0.402,0.447,0.849,72,,9,2,5,2,,,,,,
Jesse Jenner,2015,21,0.5,San Diego,WCC,NCAA,,44,190,159,25,50,10,0,2,27,2,3,14,17,0.314,0.407,0.415,0.823,66,,13,1,3,0,,,,,,